In / Out of Set Character,Character ,Movie Name,Measure Names,Movie,Max line,Min line,Runtime (mins),Runtime (mins),Screen Time (in mins),Total Screen Time
In,▶ Harry Potter,"Harry Potter
And  
the Sorcerer's Stone",Screen Time (in mins),Harry Potter and the Sorcerer's Stone,,,,,,
In,▶ Harry Potter,"Harry Potter
And  
the Chamber of Secrets",Screen Time (in mins),Harry Potter and the Chamber of Secrets,,,,,,
In,▶ Harry Potter,"Harry Potter
And  
the Prisoner of Azkaban",Screen Time (in mins),Harry Potter and the Prisoner of Azkaban,,,,,,
In,▶ Harry Potter,"Harry Potter
And  
the Goblet of Fire",Screen Time (in mins),Harry Potter and the Goblet of Fire,,,,,,
In,▶ Harry Potter,"Harry Potter
And  
the Order of the Phoenix",Screen Time (in mins),Harry Potter and the Order of the Phoenix,,,,,,
In,▶ Harry Potter,"Harry Potter
And  
the Half-Blood Prince",Screen Time (in mins),Harry Potter and the Half-Blood Prince,,,,,,
In,▶ Harry Potter,"Harry Potter
And  
the Deathly Hallows: Part 1",Screen Time (in mins),Harry Potter and the Deathly Hallows: Part 1,,,,,,
In,▶ Harry Potter,"Harry Potter
And  
the Deathly Hallows: Part 2",Screen Time (in mins),Harry Potter and the Deathly Hallows: Part 2,,,,,,
In,▶ Ron Weasley,"Harry Potter
And  
the Sorcerer's Stone",Screen Time (in mins),Harry Potter and the Sorcerer's Stone,,,,,,
In,▶ Ron Weasley,"Harry Potter
And  
the Chamber of Secrets",Screen Time (in mins),Harry Potter and the Chamber of Secrets,,,,,,
In,▶ Ron Weasley,"Harry Potter
And  
the Prisoner of Azkaban",Screen Time (in mins),Harry Potter and the Prisoner of Azkaban,,,,,,
In,▶ Ron Weasley,"Harry Potter
And  
the Goblet of Fire",Screen Time (in mins),Harry Potter and the Goblet of Fire,,,,,,
In,▶ Ron Weasley,"Harry Potter
And  
the Order of the Phoenix",Screen Time (in mins),Harry Potter and the Order of the Phoenix,,,,,,
In,▶ Ron Weasley,"Harry Potter
And  
the Half-Blood Prince",Screen Time (in mins),Harry Potter and the Half-Blood Prince,,,,,,
In,▶ Ron Weasley,"Harry Potter
And  
the Deathly Hallows: Part 1",Screen Time (in mins),Harry Potter and the Deathly Hallows: Part 1,,,,,,
In,▶ Ron Weasley,"Harry Potter
And  
the Deathly Hallows: Part 2",Screen Time (in mins),Harry Potter and the Deathly Hallows: Part 2,,,,,,
In,▶ Hermione Granger,"Harry Potter
And  
the Sorcerer's Stone",Screen Time (in mins),Harry Potter and the Sorcerer's Stone,,,,,,
In,▶ Hermione Granger,"Harry Potter
And  
the Chamber of Secrets",Screen Time (in mins),Harry Potter and the Chamber of Secrets,,,,,,
In,▶ Hermione Granger,"Harry Potter
And  
the Prisoner of Azkaban",Screen Time (in mins),Harry Potter and the Prisoner of Azkaban,,,,,,
In,▶ Hermione Granger,"Harry Potter
And  
the Goblet of Fire",Screen Time (in mins),Harry Potter and the Goblet of Fire,,,,,,
In,▶ Hermione Granger,"Harry Potter
And  
the Order of the Phoenix",Screen Time (in mins),Harry Potter and the Order of the Phoenix,,,,,,
In,▶ Hermione Granger,"Harry Potter
And  
the Half-Blood Prince",Screen Time (in mins),Harry Potter and the Half-Blood Prince,,,,,,
In,▶ Hermione Granger,"Harry Potter
And  
the Deathly Hallows: Part 1",Screen Time (in mins),Harry Potter and the Deathly Hallows: Part 1,,,,,,
In,▶ Hermione Granger,"Harry Potter
And  
the Deathly Hallows: Part 2",Screen Time (in mins),Harry Potter and the Deathly Hallows: Part 2,,,,,,
In,▶ Professor Albus Dumbledore,"Harry Potter
And  
the Sorcerer's Stone",Screen Time (in mins),Harry Potter and the Sorcerer's Stone,,,,,,
In,▶ Professor Albus Dumbledore,"Harry Potter
And  
the Chamber of Secrets",Screen Time (in mins),Harry Potter and the Chamber of Secrets,,,,,,
In,▶ Professor Albus Dumbledore,"Harry Potter
And  
the Prisoner of Azkaban",Screen Time (in mins),Harry Potter and the Prisoner of Azkaban,,,,,,
In,▶ Professor Albus Dumbledore,"Harry Potter
And  
the Goblet of Fire",Screen Time (in mins),Harry Potter and the Goblet of Fire,,,,,,
In,▶ Professor Albus Dumbledore,"Harry Potter
And  
the Order of the Phoenix",Screen Time (in mins),Harry Potter and the Order of the Phoenix,,,,,,
In,▶ Professor Albus Dumbledore,"Harry Potter
And  
the Half-Blood Prince",Screen Time (in mins),Harry Potter and the Half-Blood Prince,,,,,,
In,▶ Professor Albus Dumbledore,"Harry Potter
And  
the Deathly Hallows: Part 2",Screen Time (in mins),Harry Potter and the Deathly Hallows: Part 2,,,,,,
In,▶ Professor Severus Snape,"Harry Potter
And  
the Sorcerer's Stone",Screen Time (in mins),Harry Potter and the Sorcerer's Stone,,,,,,
In,▶ Professor Severus Snape,"Harry Potter
And  
the Chamber of Secrets",Screen Time (in mins),Harry Potter and the Chamber of Secrets,,,,,,
In,▶ Professor Severus Snape,"Harry Potter
And  
the Prisoner of Azkaban",Screen Time (in mins),Harry Potter and the Prisoner of Azkaban,,,,,,
In,▶ Professor Severus Snape,"Harry Potter
And  
the Goblet of Fire",Screen Time (in mins),Harry Potter and the Goblet of Fire,,,,,,
In,▶ Professor Severus Snape,"Harry Potter
And  
the Order of the Phoenix",Screen Time (in mins),Harry Potter and the Order of the Phoenix,,,,,,
In,▶ Professor Severus Snape,"Harry Potter
And  
the Half-Blood Prince",Screen Time (in mins),Harry Potter and the Half-Blood Prince,,,,,,
In,▶ Professor Severus Snape,"Harry Potter
And  
the Deathly Hallows: Part 1",Screen Time (in mins),Harry Potter and the Deathly Hallows: Part 1,,,,,,
In,▶ Professor Severus Snape,"Harry Potter
And  
the Deathly Hallows: Part 2",Screen Time (in mins),Harry Potter and the Deathly Hallows: Part 2,,,,,,
In,▶ Tom Riddle / Voldemort,"Harry Potter
And  
the Sorcerer's Stone",Screen Time (in mins),Harry Potter and the Sorcerer's Stone,,,,,,
In,▶ Tom Riddle / Voldemort,"Harry Potter
And  
the Chamber of Secrets",Screen Time (in mins),Harry Potter and the Chamber of Secrets,,,,,,
In,▶ Tom Riddle / Voldemort,"Harry Potter
And  
the Prisoner of Azkaban",Screen Time (in mins),Harry Potter and the Prisoner of Azkaban,,,,,,
In,▶ Tom Riddle / Voldemort,"Harry Potter
And  
the Goblet of Fire",Screen Time (in mins),Harry Potter and the Goblet of Fire,,,,,,
In,▶ Tom Riddle / Voldemort,"Harry Potter
And  
the Order of the Phoenix",Screen Time (in mins),Harry Potter and the Order of the Phoenix,,,,,,
In,▶ Tom Riddle / Voldemort,"Harry Potter
And  
the Half-Blood Prince",Screen Time (in mins),Harry Potter and the Half-Blood Prince,,,,,,
In,▶ Tom Riddle / Voldemort,"Harry Potter
And  
the Deathly Hallows: Part 1",Screen Time (in mins),Harry Potter and the Deathly Hallows: Part 1,,,,,,
In,▶ Tom Riddle / Voldemort,"Harry Potter
And  
the Deathly Hallows: Part 2",Screen Time (in mins),Harry Potter and the Deathly Hallows: Part 2,,,,,,
In,▶ Draco Malfoy,"Harry Potter
And  
the Sorcerer's Stone",Screen Time (in mins),Harry Potter and the Sorcerer's Stone,,,,,,
In,▶ Draco Malfoy,"Harry Potter
And  
the Chamber of Secrets",Screen Time (in mins),Harry Potter and the Chamber of Secrets,,,,,,
In,▶ Draco Malfoy,"Harry Potter
And  
the Prisoner of Azkaban",Screen Time (in mins),Harry Potter and the Prisoner of Azkaban,,,,,,
In,▶ Draco Malfoy,"Harry Potter
And  
the Goblet of Fire",Screen Time (in mins),Harry Potter and the Goblet of Fire,,,,,,
In,▶ Draco Malfoy,"Harry Potter
And  
the Order of the Phoenix",Screen Time (in mins),Harry Potter and the Order of the Phoenix,,,,,,
In,▶ Draco Malfoy,"Harry Potter
And  
the Half-Blood Prince",Screen Time (in mins),Harry Potter and the Half-Blood Prince,,,,,,
In,▶ Draco Malfoy,"Harry Potter
And  
the Deathly Hallows: Part 1",Screen Time (in mins),Harry Potter and the Deathly Hallows: Part 1,,,,,,
In,▶ Draco Malfoy,"Harry Potter
And  
the Deathly Hallows: Part 2",Screen Time (in mins),Harry Potter and the Deathly Hallows: Part 2,,,,,,
In,▶ Ginny Weasley,"Harry Potter
And  
the Chamber of Secrets",Screen Time (in mins),Harry Potter and the Chamber of Secrets,,,,,,
In,▶ Ginny Weasley,"Harry Potter
And  
the Goblet of Fire",Screen Time (in mins),Harry Potter and the Goblet of Fire,,,,,,
In,▶ Ginny Weasley,"Harry Potter
And  
the Order of the Phoenix",Screen Time (in mins),Harry Potter and the Order of the Phoenix,,,,,,
In,▶ Ginny Weasley,"Harry Potter
And  
the Half-Blood Prince",Screen Time (in mins),Harry Potter and the Half-Blood Prince,,,,,,
In,▶ Ginny Weasley,"Harry Potter
And  
the Deathly Hallows: Part 1",Screen Time (in mins),Harry Potter and the Deathly Hallows: Part 1,,,,,,
In,▶ Ginny Weasley,"Harry Potter
And  
the Deathly Hallows: Part 2",Screen Time (in mins),Harry Potter and the Deathly Hallows: Part 2,,,,,,
In,▶ Professor Minerva McGonagall,"Harry Potter
And  
the Sorcerer's Stone",Screen Time (in mins),Harry Potter and the Sorcerer's Stone,,,,,,
In,▶ Professor Minerva McGonagall,"Harry Potter
And  
the Chamber of Secrets",Screen Time (in mins),Harry Potter and the Chamber of Secrets,,,,,,
In,▶ Professor Minerva McGonagall,"Harry Potter
And  
the Prisoner of Azkaban",Screen Time (in mins),Harry Potter and the Prisoner of Azkaban,,,,,,
In,▶ Professor Minerva McGonagall,"Harry Potter
And  
the Goblet of Fire",Screen Time (in mins),Harry Potter and the Goblet of Fire,,,,,,
In,▶ Professor Minerva McGonagall,"Harry Potter
And  
the Order of the Phoenix",Screen Time (in mins),Harry Potter and the Order of the Phoenix,,,,,,
In,▶ Professor Minerva McGonagall,"Harry Potter
And  
the Half-Blood Prince",Screen Time (in mins),Harry Potter and the Half-Blood Prince,,,,,,
In,▶ Professor Minerva McGonagall,"Harry Potter
And  
the Deathly Hallows: Part 2",Screen Time (in mins),Harry Potter and the Deathly Hallows: Part 2,,,,,,
In,▶ Neville Longbottom,"Harry Potter
And  
the Sorcerer's Stone",Screen Time (in mins),Harry Potter and the Sorcerer's Stone,,,,,,
In,▶ Neville Longbottom,"Harry Potter
And  
the Chamber of Secrets",Screen Time (in mins),Harry Potter and the Chamber of Secrets,,,,,,
In,▶ Neville Longbottom,"Harry Potter
And  
the Prisoner of Azkaban",Screen Time (in mins),Harry Potter and the Prisoner of Azkaban,,,,,,
In,▶ Neville Longbottom,"Harry Potter
And  
the Goblet of Fire",Screen Time (in mins),Harry Potter and the Goblet of Fire,,,,,,
In,▶ Neville Longbottom,"Harry Potter
And  
the Order of the Phoenix",Screen Time (in mins),Harry Potter and the Order of the Phoenix,,,,,,
In,▶ Neville Longbottom,"Harry Potter
And  
the Half-Blood Prince",Screen Time (in mins),Harry Potter and the Half-Blood Prince,,,,,,
In,▶ Neville Longbottom,"Harry Potter
And  
the Deathly Hallows: Part 2",Screen Time (in mins),Harry Potter and the Deathly Hallows: Part 2,,,,,,
In,▶ Rubeus Hagrid,"Harry Potter
And  
the Sorcerer's Stone",Screen Time (in mins),Harry Potter and the Sorcerer's Stone,,,,,,
In,▶ Rubeus Hagrid,"Harry Potter
And  
the Chamber of Secrets",Screen Time (in mins),Harry Potter and the Chamber of Secrets,,,,,,
In,▶ Professor Rubeus Hagrid,"Harry Potter
And  
the Prisoner of Azkaban",Screen Time (in mins),Harry Potter and the Prisoner of Azkaban,,,,,,
In,▶ Professor Rubeus Hagrid,"Harry Potter
And  
the Goblet of Fire",Screen Time (in mins),Harry Potter and the Goblet of Fire,,,,,,
In,▶ Professor Rubeus Hagrid,"Harry Potter
And  
the Order of the Phoenix",Screen Time (in mins),Harry Potter and the Order of the Phoenix,,,,,,
In,▶ Professor Rubeus Hagrid,"Harry Potter
And  
the Half-Blood Prince",Screen Time (in mins),Harry Potter and the Half-Blood Prince,,,,,,
In,▶ Professor Rubeus Hagrid,"Harry Potter
And  
the Deathly Hallows: Part 1",Screen Time (in mins),Harry Potter and the Deathly Hallows: Part 1,,,,,,
In,▶ Professor Rubeus Hagrid,"Harry Potter
And  
the Deathly Hallows: Part 2",Screen Time (in mins),Harry Potter and the Deathly Hallows: Part 2,,,,,,
In,▶ Sirius Black,"Harry Potter
And  
the Prisoner of Azkaban",Screen Time (in mins),Harry Potter and the Prisoner of Azkaban,,,,,,
In,▶ Sirius Black,"Harry Potter
And  
the Goblet of Fire",Screen Time (in mins),Harry Potter and the Goblet of Fire,,,,,,
In,▶ Sirius Black,"Harry Potter
And  
the Order of the Phoenix",Screen Time (in mins),Harry Potter and the Order of the Phoenix,,,,,,
In,▶ George Weasley,"Harry Potter
And  
the Sorcerer's Stone",Screen Time (in mins),Harry Potter and the Sorcerer's Stone,,,,,,
In,▶ George Weasley,"Harry Potter
And  
the Chamber of Secrets",Screen Time (in mins),Harry Potter and the Chamber of Secrets,,,,,,
In,▶ George Weasley,"Harry Potter
And  
the Prisoner of Azkaban",Screen Time (in mins),Harry Potter and the Prisoner of Azkaban,,,,,,
In,▶ George Weasley,"Harry Potter
And  
the Goblet of Fire",Screen Time (in mins),Harry Potter and the Goblet of Fire,,,,,,
In,▶ George Weasley,"Harry Potter
And  
the Order of the Phoenix",Screen Time (in mins),Harry Potter and the Order of the Phoenix,,,,,,
In,▶ George Weasley,"Harry Potter
And  
the Deathly Hallows: Part 1",Screen Time (in mins),Harry Potter and the Deathly Hallows: Part 1,,,,,,
In,▶ George Weasley,"Harry Potter
And  
the Deathly Hallows: Part 2",Screen Time (in mins),Harry Potter and the Deathly Hallows: Part 2,,,,,,
In,▶ Professor Remus Lupin,"Harry Potter
And  
the Prisoner of Azkaban",Screen Time (in mins),Harry Potter and the Prisoner of Azkaban,,,,,,
In,▶ Fred Weasley,"Harry Potter
And  
the Sorcerer's Stone",Screen Time (in mins),Harry Potter and the Sorcerer's Stone,,,,,,
In,▶ Fred Weasley,"Harry Potter
And  
the Chamber of Secrets",Screen Time (in mins),Harry Potter and the Chamber of Secrets,,,,,,
In,▶ Fred Weasley,"Harry Potter
And  
the Prisoner of Azkaban",Screen Time (in mins),Harry Potter and the Prisoner of Azkaban,,,,,,
In,▶ Fred Weasley,"Harry Potter
And  
the Goblet of Fire",Screen Time (in mins),Harry Potter and the Goblet of Fire,,,,,,
In,▶ Fred Weasley,"Harry Potter
And  
the Order of the Phoenix",Screen Time (in mins),Harry Potter and the Order of the Phoenix,,,,,,
In,▶ Fred Weasley,"Harry Potter
And  
the Deathly Hallows: Part 1",Screen Time (in mins),Harry Potter and the Deathly Hallows: Part 1,,,,,,
In,▶ Professor Horace Slughorn,"Harry Potter
And  
the Half-Blood Prince",Screen Time (in mins),Harry Potter and the Half-Blood Prince,,,,,,
In,▶ Luna Lovegood,"Harry Potter
And  
the Order of the Phoenix",Screen Time (in mins),Harry Potter and the Order of the Phoenix,,,,,,
In,▶ Luna Lovegood,"Harry Potter
And  
the Half-Blood Prince",Screen Time (in mins),Harry Potter and the Half-Blood Prince,,,,,,
In,▶ Luna Lovegood,"Harry Potter
And  
the Deathly Hallows: Part 1",Screen Time (in mins),Harry Potter and the Deathly Hallows: Part 1,,,,,,
In,▶ Luna Lovegood,"Harry Potter
And  
the Deathly Hallows: Part 2",Screen Time (in mins),Harry Potter and the Deathly Hallows: Part 2,,,,,,
In,▶ Bartemius Crouch Jr.,"Harry Potter
And  
the Goblet of Fire",Screen Time (in mins),Harry Potter and the Goblet of Fire,,,,,,
In,▶ Arthur Weasley,"Harry Potter
And  
the Chamber of Secrets",Screen Time (in mins),Harry Potter and the Chamber of Secrets,,,,,,
In,▶ Arthur Weasley,"Harry Potter
And  
the Prisoner of Azkaban",Screen Time (in mins),Harry Potter and the Prisoner of Azkaban,,,,,,
In,▶ Arthur Weasley,"Harry Potter
And  
the Goblet of Fire",Screen Time (in mins),Harry Potter and the Goblet of Fire,,,,,,
In,▶ Arthur Weasley,"Harry Potter
And  
the Order of the Phoenix",Screen Time (in mins),Harry Potter and the Order of the Phoenix,,,,,,
In,▶ Arthur Weasley,"Harry Potter
And  
the Half-Blood Prince",Screen Time (in mins),Harry Potter and the Half-Blood Prince,,,,,,
In,▶ Arthur Weasley,"Harry Potter
And  
the Deathly Hallows: Part 1",Screen Time (in mins),Harry Potter and the Deathly Hallows: Part 1,,,,,,
In,▶ Arthur Weasley,"Harry Potter
And  
the Deathly Hallows: Part 2",Screen Time (in mins),Harry Potter and the Deathly Hallows: Part 2,,,,,,
In,▶ Lucius Malfoy,"Harry Potter
And  
the Chamber of Secrets",Screen Time (in mins),Harry Potter and the Chamber of Secrets,,,,,,
In,▶ Lucius Malfoy,"Harry Potter
And  
the Goblet of Fire",Screen Time (in mins),Harry Potter and the Goblet of Fire,,,,,,
In,▶ Lucius Malfoy,"Harry Potter
And  
the Order of the Phoenix",Screen Time (in mins),Harry Potter and the Order of the Phoenix,,,,,,
In,▶ Lucius Malfoy,"Harry Potter
And  
the Deathly Hallows: Part 1",Screen Time (in mins),Harry Potter and the Deathly Hallows: Part 1,,,,,,
In,▶ Lucius Malfoy,"Harry Potter
And  
the Deathly Hallows: Part 2",Screen Time (in mins),Harry Potter and the Deathly Hallows: Part 2,,,,,,
In,▶ Professor Dolores Umbridge,"Harry Potter
And  
the Order of the Phoenix",Screen Time (in mins),Harry Potter and the Order of the Phoenix,,,,,,
In,▶ Dobby,"Harry Potter
And  
the Chamber of Secrets",Screen Time (in mins),Harry Potter and the Chamber of Secrets,,,,,,
In,▶ Dobby,"Harry Potter
And  
the Deathly Hallows: Part 1",Screen Time (in mins),Harry Potter and the Deathly Hallows: Part 1,,,,,,
In,▶ Vernon Dursley,"Harry Potter
And  
the Sorcerer's Stone",Screen Time (in mins),Harry Potter and the Sorcerer's Stone,,,,,,
In,▶ Vernon Dursley,"Harry Potter
And  
the Chamber of Secrets",Screen Time (in mins),Harry Potter and the Chamber of Secrets,,,,,,
In,▶ Vernon Dursley,"Harry Potter
And  
the Prisoner of Azkaban",Screen Time (in mins),Harry Potter and the Prisoner of Azkaban,,,,,,
In,▶ Vernon Dursley,"Harry Potter
And  
the Order of the Phoenix",Screen Time (in mins),Harry Potter and the Order of the Phoenix,,,,,,
In,▶ Bellatrix Lestrange,"Harry Potter
And  
the Order of the Phoenix",Screen Time (in mins),Harry Potter and the Order of the Phoenix,,,,,,
In,▶ Bellatrix Lestrange,"Harry Potter
And  
the Half-Blood Prince",Screen Time (in mins),Harry Potter and the Half-Blood Prince,,,,,,
In,▶ Bellatrix Lestrange,"Harry Potter
And  
the Deathly Hallows: Part 1",Screen Time (in mins),Harry Potter and the Deathly Hallows: Part 1,,,,,,
In,▶ Bellatrix Lestrange,"Harry Potter
And  
the Deathly Hallows: Part 2",Screen Time (in mins),Harry Potter and the Deathly Hallows: Part 2,,,,,,
In,▶ Professor Gilderoy Lockhart,"Harry Potter
And  
the Chamber of Secrets",Screen Time (in mins),Harry Potter and the Chamber of Secrets,,,,,,
In,▶ Dudley Dursley,"Harry Potter
And  
the Sorcerer's Stone",Screen Time (in mins),Harry Potter and the Sorcerer's Stone,,,,,,
In,▶ Dudley Dursley,"Harry Potter
And  
the Chamber of Secrets",Screen Time (in mins),Harry Potter and the Chamber of Secrets,,,,,,
In,▶ Dudley Dursley,"Harry Potter
And  
the Prisoner of Azkaban",Screen Time (in mins),Harry Potter and the Prisoner of Azkaban,,,,,,
In,▶ Dudley Dursley,"Harry Potter
And  
the Order of the Phoenix",Screen Time (in mins),Harry Potter and the Order of the Phoenix,,,,,,
In,▶ Cornelius Fudge,"Harry Potter
And  
the Chamber of Secrets",Screen Time (in mins),Harry Potter and the Chamber of Secrets,,,,,,
In,▶ Cornelius Fudge,"Harry Potter
And  
the Prisoner of Azkaban",Screen Time (in mins),Harry Potter and the Prisoner of Azkaban,,,,,,
In,▶ Cornelius Fudge,"Harry Potter
And  
the Goblet of Fire",Screen Time (in mins),Harry Potter and the Goblet of Fire,,,,,,
In,▶ Cornelius Fudge,"Harry Potter
And  
the Order of the Phoenix",Screen Time (in mins),Harry Potter and the Order of the Phoenix,,,,,,
In,▶ Seamus Finnigan,"Harry Potter
And  
the Sorcerer's Stone",Screen Time (in mins),Harry Potter and the Sorcerer's Stone,,,,,,
In,▶ Seamus Finnigan,"Harry Potter
And  
the Chamber of Secrets",Screen Time (in mins),Harry Potter and the Chamber of Secrets,,,,,,
In,▶ Seamus Finnigan,"Harry Potter
And  
the Prisoner of Azkaban",Screen Time (in mins),Harry Potter and the Prisoner of Azkaban,,,,,,
In,▶ Seamus Finnigan,"Harry Potter
And  
the Goblet of Fire",Screen Time (in mins),Harry Potter and the Goblet of Fire,,,,,,
In,▶ Seamus Finnigan,"Harry Potter
And  
the Order of the Phoenix",Screen Time (in mins),Harry Potter and the Order of the Phoenix,,,,,,
In,▶ Seamus Finnigan,"Harry Potter
And  
the Deathly Hallows: Part 2",Screen Time (in mins),Harry Potter and the Deathly Hallows: Part 2,,,,,,
In,▶ Molly Weasley,"Harry Potter
And  
the Chamber of Secrets",Screen Time (in mins),Harry Potter and the Chamber of Secrets,,,,,,
In,▶ Molly Weasley,"Harry Potter
And  
the Order of the Phoenix",Screen Time (in mins),Harry Potter and the Order of the Phoenix,,,,,,
In,▶ Molly Weasley,"Harry Potter
And  
the Half-Blood Prince",Screen Time (in mins),Harry Potter and the Half-Blood Prince,,,,,,
In,▶ Molly Weasley,"Harry Potter
And  
the Deathly Hallows: Part 1",Screen Time (in mins),Harry Potter and the Deathly Hallows: Part 1,,,,,,
In,▶ Molly Weasley,"Harry Potter
And  
the Deathly Hallows: Part 2",Screen Time (in mins),Harry Potter and the Deathly Hallows: Part 2,,,,,,
In,▶ Cedric Diggory,"Harry Potter
And  
the Goblet of Fire",Screen Time (in mins),Harry Potter and the Goblet of Fire,,,,,,
In,▶ Petunia Dursley,"Harry Potter
And  
the Sorcerer's Stone",Screen Time (in mins),Harry Potter and the Sorcerer's Stone,,,,,,
In,▶ Petunia Dursley,"Harry Potter
And  
the Chamber of Secrets",Screen Time (in mins),Harry Potter and the Chamber of Secrets,,,,,,
In,▶ Petunia Dursley,"Harry Potter
And  
the Prisoner of Azkaban",Screen Time (in mins),Harry Potter and the Prisoner of Azkaban,,,,,,
In,▶ Petunia Dursley,"Harry Potter
And  
the Order of the Phoenix",Screen Time (in mins),Harry Potter and the Order of the Phoenix,,,,,,
In,▶ Buckbeak,"Harry Potter
And  
the Prisoner of Azkaban",Screen Time (in mins),Harry Potter and the Prisoner of Azkaban,,,,,,
In,▶ Mr. Ollivander,"Harry Potter
And  
the Sorcerer's Stone",Screen Time (in mins),Harry Potter and the Sorcerer's Stone,,,,,,
In,▶ Mr. Ollivander,"Harry Potter
And  
the Deathly Hallows: Part 1",Screen Time (in mins),Harry Potter and the Deathly Hallows: Part 1,,,,,,
In,▶ Mr. Ollivander,"Harry Potter
And  
the Deathly Hallows: Part 2",Screen Time (in mins),Harry Potter and the Deathly Hallows: Part 2,,,,,,
In,▶ Peter Pettigrew,"Harry Potter
And  
the Prisoner of Azkaban",Screen Time (in mins),Harry Potter and the Prisoner of Azkaban,,,,,,
In,▶ Peter Pettigrew,"Harry Potter
And  
the Goblet of Fire",Screen Time (in mins),Harry Potter and the Goblet of Fire,,,,,,
In,▶ Peter Pettigrew,"Harry Potter
And  
the Deathly Hallows: Part 1",Screen Time (in mins),Harry Potter and the Deathly Hallows: Part 1,,,,,,
In,▶ Professor Quirinus Quirrell,"Harry Potter
And  
the Sorcerer's Stone",Screen Time (in mins),Harry Potter and the Sorcerer's Stone,,,,,,
In,▶ Narcissa Malfoy,"Harry Potter
And  
the Half-Blood Prince",Screen Time (in mins),Harry Potter and the Half-Blood Prince,,,,,,
In,▶ Narcissa Malfoy,"Harry Potter
And  
the Deathly Hallows: Part 1",Screen Time (in mins),Harry Potter and the Deathly Hallows: Part 1,,,,,,
In,▶ Narcissa Malfoy,"Harry Potter
And  
the Deathly Hallows: Part 2",Screen Time (in mins),Harry Potter and the Deathly Hallows: Part 2,,,,,,
In,▶ Remus Lupin,"Harry Potter
And  
the Order of the Phoenix",Screen Time (in mins),Harry Potter and the Order of the Phoenix,,,,,,
In,▶ Remus Lupin,"Harry Potter
And  
the Half-Blood Prince",Screen Time (in mins),Harry Potter and the Half-Blood Prince,,,,,,
In,▶ Remus Lupin,"Harry Potter
And  
the Deathly Hallows: Part 1",Screen Time (in mins),Harry Potter and the Deathly Hallows: Part 1,,,,,,
In,▶ Remus Lupin,"Harry Potter
And  
the Deathly Hallows: Part 2",Screen Time (in mins),Harry Potter and the Deathly Hallows: Part 2,,,,,,
In,▶ Argus Filch,"Harry Potter
And  
the Sorcerer's Stone",Screen Time (in mins),Harry Potter and the Sorcerer's Stone,,,,,,
In,▶ Argus Filch,"Harry Potter
And  
the Chamber of Secrets",Screen Time (in mins),Harry Potter and the Chamber of Secrets,,,,,,
In,▶ Argus Filch,"Harry Potter
And  
the Prisoner of Azkaban",Screen Time (in mins),Harry Potter and the Prisoner of Azkaban,,,,,,
In,▶ Argus Filch,"Harry Potter
And  
the Order of the Phoenix",Screen Time (in mins),Harry Potter and the Order of the Phoenix,,,,,,
In,▶ Cho Chang,"Harry Potter
And  
the Goblet of Fire",Screen Time (in mins),Harry Potter and the Goblet of Fire,,,,,,
In,▶ Cho Chang,"Harry Potter
And  
the Order of the Phoenix",Screen Time (in mins),Harry Potter and the Order of the Phoenix,,,,,,
In,▶ Cho Chang,"Harry Potter
And  
the Deathly Hallows: Part 2",Screen Time (in mins),Harry Potter and the Deathly Hallows: Part 2,,,,,,
In,▶ Griphook,"Harry Potter
And  
the Deathly Hallows: Part 1",Screen Time (in mins),Harry Potter and the Deathly Hallows: Part 1,,,,,,
In,▶ Griphook,"Harry Potter
And  
the Deathly Hallows: Part 2",Screen Time (in mins),Harry Potter and the Deathly Hallows: Part 2,,,,,,
In,▶ Fleur Delacour,"Harry Potter
And  
the Goblet of Fire",Screen Time (in mins),Harry Potter and the Goblet of Fire,,,,,,
In,▶ Fleur Delacour,"Harry Potter
And  
the Deathly Hallows: Part 1",Screen Time (in mins),Harry Potter and the Deathly Hallows: Part 1,,,,,,
In,▶ Gregory Goyle,"Harry Potter
And  
the Chamber of Secrets",Screen Time (in mins),Harry Potter and the Chamber of Secrets,,,,,,
In,▶ Gregory Goyle,"Harry Potter
And  
the Prisoner of Azkaban",Screen Time (in mins),Harry Potter and the Prisoner of Azkaban,,,,,,
In,▶ Gregory Goyle,"Harry Potter
And  
the Order of the Phoenix",Screen Time (in mins),Harry Potter and the Order of the Phoenix,,,,,,
In,▶ Gregory Goyle,"Harry Potter
And  
the Deathly Hallows: Part 2",Screen Time (in mins),Harry Potter and the Deathly Hallows: Part 2,,,,,,
In,▶ Dean Thomas,"Harry Potter
And  
the Sorcerer's Stone",Screen Time (in mins),Harry Potter and the Sorcerer's Stone,,,,,,
In,▶ Dean Thomas,"Harry Potter
And  
the Chamber of Secrets",Screen Time (in mins),Harry Potter and the Chamber of Secrets,,,,,,
In,▶ Dean Thomas,"Harry Potter
And  
the Goblet of Fire",Screen Time (in mins),Harry Potter and the Goblet of Fire,,,,,,
In,▶ Dean Thomas,"Harry Potter
And  
the Order of the Phoenix",Screen Time (in mins),Harry Potter and the Order of the Phoenix,,,,,,
In,▶ Dean Thomas,"Harry Potter
And  
the Deathly Hallows: Part 2",Screen Time (in mins),Harry Potter and the Deathly Hallows: Part 2,,,,,,
In,▶ Lavender Brown,"Harry Potter
And  
the Prisoner of Azkaban",Screen Time (in mins),Harry Potter and the Prisoner of Azkaban,,,,,,
In,▶ Lavender Brown,"Harry Potter
And  
the Half-Blood Prince",Screen Time (in mins),Harry Potter and the Half-Blood Prince,,,,,,
In,▶ Lavender Brown,"Harry Potter
And  
the Deathly Hallows: Part 2",Screen Time (in mins),Harry Potter and the Deathly Hallows: Part 2,,,,,,
In,▶ Bartemius Crouch Sr.,"Harry Potter
And  
the Goblet of Fire",Screen Time (in mins),Harry Potter and the Goblet of Fire,,,,,,
In,▶ Viktor Krum,"Harry Potter
And  
the Goblet of Fire",Screen Time (in mins),Harry Potter and the Goblet of Fire,,,,,,
In,▶ Xenophilius Lovegood,"Harry Potter
And  
the Deathly Hallows: Part 1",Screen Time (in mins),Harry Potter and the Deathly Hallows: Part 1,,,,,,
In,▶ Professor Sybil Trelawney,"Harry Potter
And  
the Prisoner of Azkaban",Screen Time (in mins),Harry Potter and the Prisoner of Azkaban,,,,,,
In,▶ Professor Sybil Trelawney,"Harry Potter
And  
the Order of the Phoenix",Screen Time (in mins),Harry Potter and the Order of the Phoenix,,,,,,
In,▶ Hedwig,"Harry Potter
And  
the Sorcerer's Stone",Screen Time (in mins),Harry Potter and the Sorcerer's Stone,,,,,,
In,▶ Hedwig,"Harry Potter
And  
the Chamber of Secrets",Screen Time (in mins),Harry Potter and the Chamber of Secrets,,,,,,
In,▶ Hedwig,"Harry Potter
And  
the Prisoner of Azkaban",Screen Time (in mins),Harry Potter and the Prisoner of Azkaban,,,,,,
In,▶ Kingsley Shacklebolt,"Harry Potter
And  
the Order of the Phoenix",Screen Time (in mins),Harry Potter and the Order of the Phoenix,,,,,,
In,▶ Kingsley Shacklebolt,"Harry Potter
And  
the Deathly Hallows: Part 1",Screen Time (in mins),Harry Potter and the Deathly Hallows: Part 1,,,,,,
In,▶ Kingsley Shacklebolt,"Harry Potter
And  
the Deathly Hallows: Part 2",Screen Time (in mins),Harry Potter and the Deathly Hallows: Part 2,,,,,,
In,▶ Nymphadora Tonks,"Harry Potter
And  
the Order of the Phoenix",Screen Time (in mins),Harry Potter and the Order of the Phoenix,,,,,,
In,▶ Nymphadora Tonks,"Harry Potter
And  
the Half-Blood Prince",Screen Time (in mins),Harry Potter and the Half-Blood Prince,,,,,,
In,▶ Nymphadora Tonks,"Harry Potter
And  
the Deathly Hallows: Part 1",Screen Time (in mins),Harry Potter and the Deathly Hallows: Part 1,,,,,,
In,▶ Oliver Wood,"Harry Potter
And  
the Sorcerer's Stone",Screen Time (in mins),Harry Potter and the Sorcerer's Stone,,,,,,
In,▶ Oliver Wood,"Harry Potter
And  
the Chamber of Secrets",Screen Time (in mins),Harry Potter and the Chamber of Secrets,,,,,,
In,▶ Parvati Patil,"Harry Potter
And  
the Prisoner of Azkaban",Screen Time (in mins),Harry Potter and the Prisoner of Azkaban,,,,,,
In,▶ Parvati Patil,"Harry Potter
And  
the Goblet of Fire",Screen Time (in mins),Harry Potter and the Goblet of Fire,,,,,,
In,▶ Parvati Patil,"Harry Potter
And  
the Order of the Phoenix",Screen Time (in mins),Harry Potter and the Order of the Phoenix,,,,,,
In,▶ Vincent Crabbe,"Harry Potter
And  
the Chamber of Secrets",Screen Time (in mins),Harry Potter and the Chamber of Secrets,,,,,,
In,▶ Vincent Crabbe,"Harry Potter
And  
the Prisoner of Azkaban",Screen Time (in mins),Harry Potter and the Prisoner of Azkaban,,,,,,
In,▶ Vincent Crabbe,"Harry Potter
And  
the Order of the Phoenix",Screen Time (in mins),Harry Potter and the Order of the Phoenix,,,,,,
In,▶ Padma Patil,"Harry Potter
And  
the Goblet of Fire",Screen Time (in mins),Harry Potter and the Goblet of Fire,,,,,,
In,▶ Padma Patil,"Harry Potter
And  
the Order of the Phoenix",Screen Time (in mins),Harry Potter and the Order of the Phoenix,,,,,,
In,▶ Padma Patil,"Harry Potter
And  
the Deathly Hallows: Part 2",Screen Time (in mins),Harry Potter and the Deathly Hallows: Part 2,,,,,,
In,▶ Aberforth Dumbledore,"Harry Potter
And  
the Deathly Hallows: Part 2",Screen Time (in mins),Harry Potter and the Deathly Hallows: Part 2,,,,,,
In,▶ Percy Weasley,"Harry Potter
And  
the Sorcerer's Stone",Screen Time (in mins),Harry Potter and the Sorcerer's Stone,,,,,,
In,▶ Percy Weasley,"Harry Potter
And  
the Chamber of Secrets",Screen Time (in mins),Harry Potter and the Chamber of Secrets,,,,,,
In,▶ Professor Igor Karkaroff,"Harry Potter
And  
the Goblet of Fire",Screen Time (in mins),Harry Potter and the Goblet of Fire,,,,,,
In,▶ Rita Skeeter,"Harry Potter
And  
the Goblet of Fire",Screen Time (in mins),Harry Potter and the Goblet of Fire,,,,,,
In,"▶ Alastor ""Mad-Eye"" Moody","Harry Potter
And  
the Order of the Phoenix",Screen Time (in mins),Harry Potter and the Order of the Phoenix,,,,,,
In,"▶ Alastor ""Mad-Eye"" Moody","Harry Potter
And  
the Deathly Hallows: Part 1",Screen Time (in mins),Harry Potter and the Deathly Hallows: Part 1,,,,,,
In,▶ Bogrod,"Harry Potter
And  
the Deathly Hallows: Part 2",Screen Time (in mins),Harry Potter and the Deathly Hallows: Part 2,,,,,,
In,▶ Lily Potter,"Harry Potter
And  
the Sorcerer's Stone",Screen Time (in mins),Harry Potter and the Sorcerer's Stone,,,,,,
In,▶ Lily Potter,"Harry Potter
And  
the Chamber of Secrets",Screen Time (in mins),Harry Potter and the Chamber of Secrets,,,,,,
In,▶ Lily Potter,"Harry Potter
And  
the Deathly Hallows: Part 2",Screen Time (in mins),Harry Potter and the Deathly Hallows: Part 2,,,,,,
In,▶ Madame Olympe Maxime,"Harry Potter
And  
the Goblet of Fire",Screen Time (in mins),Harry Potter and the Goblet of Fire,,,,,,
In,▶ Mundungus Fletcher,"Harry Potter
And  
the Deathly Hallows: Part 1",Screen Time (in mins),Harry Potter and the Deathly Hallows: Part 1,,,,,,
In,▶ Marge Dursley,"Harry Potter
And  
the Prisoner of Azkaban",Screen Time (in mins),Harry Potter and the Prisoner of Azkaban,,,,,,
In,▶ Moaning Myrtle,"Harry Potter
And  
the Chamber of Secrets",Screen Time (in mins),Harry Potter and the Chamber of Secrets,,,,,,
In,▶ Moaning Myrtle,"Harry Potter
And  
the Goblet of Fire",Screen Time (in mins),Harry Potter and the Goblet of Fire,,,,,,
In,▶ Nagini,"Harry Potter
And  
the Deathly Hallows: Part 1",Screen Time (in mins),Harry Potter and the Deathly Hallows: Part 1,,,,,,
In,▶ Nagini,"Harry Potter
And  
the Deathly Hallows: Part 2",Screen Time (in mins),Harry Potter and the Deathly Hallows: Part 2,,,,,,
In,▶ Professor Filius Flitwick,"Harry Potter
And  
the Sorcerer's Stone",Screen Time (in mins),Harry Potter and the Sorcerer's Stone,,,,,,
In,▶ Professor Filius Flitwick,"Harry Potter
And  
the Chamber of Secrets",Screen Time (in mins),Harry Potter and the Chamber of Secrets,,,,,,
In,▶ Professor Filius Flitwick,"Harry Potter
And  
the Deathly Hallows: Part 2",Screen Time (in mins),Harry Potter and the Deathly Hallows: Part 2,,,,,,
In,▶ Scabior,"Harry Potter
And  
the Deathly Hallows: Part 1",Screen Time (in mins),Harry Potter and the Deathly Hallows: Part 1,,,,,,
In,▶ The Sorting Hat,"Harry Potter
And  
the Sorcerer's Stone",Screen Time (in mins),Harry Potter and the Sorcerer's Stone,,,,,,
In,▶ The Sorting Hat,"Harry Potter
And  
the Chamber of Secrets",Screen Time (in mins),Harry Potter and the Chamber of Secrets,,,,,,
In,▶ Blaise Zabini,"Harry Potter
And  
the Half-Blood Prince",Screen Time (in mins),Harry Potter and the Half-Blood Prince,,,,,,
In,▶ Blaise Zabini,"Harry Potter
And  
the Deathly Hallows: Part 2",Screen Time (in mins),Harry Potter and the Deathly Hallows: Part 2,,,,,,
In,▶ Fang,"Harry Potter
And  
the Sorcerer's Stone",Screen Time (in mins),Harry Potter and the Sorcerer's Stone,,,,,,
In,▶ Fang,"Harry Potter
And  
the Chamber of Secrets",Screen Time (in mins),Harry Potter and the Chamber of Secrets,,,,,,
In,▶ Fawkes,"Harry Potter
And  
the Chamber of Secrets",Screen Time (in mins),Harry Potter and the Chamber of Secrets,,,,,,
In,▶ Rufus Scrimgeour,"Harry Potter
And  
the Deathly Hallows: Part 1",Screen Time (in mins),Harry Potter and the Deathly Hallows: Part 1,,,,,,
In,▶ Helena Ravenclaw,"Harry Potter
And  
the Deathly Hallows: Part 2",Screen Time (in mins),Harry Potter and the Deathly Hallows: Part 2,,,,,,
In,▶ Kreacher,"Harry Potter
And  
the Deathly Hallows: Part 1",Screen Time (in mins),Harry Potter and the Deathly Hallows: Part 1,,,,,,
In,▶ Stan Shunpike,"Harry Potter
And  
the Prisoner of Azkaban",Screen Time (in mins),Harry Potter and the Prisoner of Azkaban,,,,,,
In,▶ Yaxley,"Harry Potter
And  
the Deathly Hallows: Part 1",Screen Time (in mins),Harry Potter and the Deathly Hallows: Part 1,,,,,,
In,▶ Albus Severus Potter,"Harry Potter
And  
the Deathly Hallows: Part 2",Screen Time (in mins),Harry Potter and the Deathly Hallows: Part 2,,,,,,
In,▶ Dolores Umbridge,"Harry Potter
And  
the Deathly Hallows: Part 1",Screen Time (in mins),Harry Potter and the Deathly Hallows: Part 1,,,,,,
In,▶ Grawp,"Harry Potter
And  
the Order of the Phoenix",Screen Time (in mins),Harry Potter and the Order of the Phoenix,,,,,,
In,▶ Madame Hooch,"Harry Potter
And  
the Sorcerer's Stone",Screen Time (in mins),Harry Potter and the Sorcerer's Stone,,,,,,
In,▶ Mary Cattermole,"Harry Potter
And  
the Deathly Hallows: Part 1",Screen Time (in mins),Harry Potter and the Deathly Hallows: Part 1,,,,,,
In,▶ Amos Diggory,"Harry Potter
And  
the Goblet of Fire",Screen Time (in mins),Harry Potter and the Goblet of Fire,,,,,,
In,▶ Arabella Figg,"Harry Potter
And  
the Order of the Phoenix",Screen Time (in mins),Harry Potter and the Order of the Phoenix,,,,,,
In,▶ Bathilda Bagshot,"Harry Potter
And  
the Deathly Hallows: Part 1",Screen Time (in mins),Harry Potter and the Deathly Hallows: Part 1,,,,,,
In,▶ Cormac McLaggen,"Harry Potter
And  
the Half-Blood Prince",Screen Time (in mins),Harry Potter and the Half-Blood Prince,,,,,,
In,▶ Firenze,"Harry Potter
And  
the Sorcerer's Stone",Screen Time (in mins),Harry Potter and the Sorcerer's Stone,,,,,,
In,▶ Frank Bryce,"Harry Potter
And  
the Goblet of Fire",Screen Time (in mins),Harry Potter and the Goblet of Fire,,,,,,
In,▶ Gabrielle Delacour,"Harry Potter
And  
the Goblet of Fire",Screen Time (in mins),Harry Potter and the Goblet of Fire,,,,,,
In,▶ Katie Bell,"Harry Potter
And  
the Chamber of Secrets",Screen Time (in mins),Harry Potter and the Chamber of Secrets,,,,,,
In,▶ Katie Bell,"Harry Potter
And  
the Half-Blood Prince",Screen Time (in mins),Harry Potter and the Half-Blood Prince,,,,,,
In,▶ Professor Pomona Sprout,"Harry Potter
And  
the Chamber of Secrets",Screen Time (in mins),Harry Potter and the Chamber of Secrets,,,,,,
In,▶ Bill Weasley,"Harry Potter
And  
the Deathly Hallows: Part 1",Screen Time (in mins),Harry Potter and the Deathly Hallows: Part 1,,,,,,
In,▶ Colin Creevy,"Harry Potter
And  
the Chamber of Secrets",Screen Time (in mins),Harry Potter and the Chamber of Secrets,,,,,,
In,▶ Fenrir Greyback,"Harry Potter
And  
the Half-Blood Prince",Screen Time (in mins),Harry Potter and the Half-Blood Prince,,,,,,
In,▶ Madame Poppy Pomfrey,"Harry Potter
And  
the Chamber of Secrets",Screen Time (in mins),Harry Potter and the Chamber of Secrets,,,,,,
In,▶ Nigel,"Harry Potter
And  
the Order of the Phoenix",Screen Time (in mins),Harry Potter and the Order of the Phoenix,,,,,,
In,▶ Alecto Carrow,"Harry Potter
And  
the Deathly Hallows: Part 2",Screen Time (in mins),Harry Potter and the Deathly Hallows: Part 2,,,,,,
In,▶ Amycus Carrow,"Harry Potter
And  
the Deathly Hallows: Part 2",Screen Time (in mins),Harry Potter and the Deathly Hallows: Part 2,,,,,,
In,▶ Aragog,"Harry Potter
And  
the Chamber of Secrets",Screen Time (in mins),Harry Potter and the Chamber of Secrets,,,,,,
In,▶ Elphias Doge,"Harry Potter
And  
the Deathly Hallows: Part 1",Screen Time (in mins),Harry Potter and the Deathly Hallows: Part 1,,,,,,
In,▶ Ernie Prang,"Harry Potter
And  
the Prisoner of Azkaban",Screen Time (in mins),Harry Potter and the Prisoner of Azkaban,,,,,,
In,▶ James Potter,"Harry Potter
And  
the Sorcerer's Stone",Screen Time (in mins),Harry Potter and the Sorcerer's Stone,,,,,,
In,▶ Madame Rosmerta,"Harry Potter
And  
the Prisoner of Azkaban",Screen Time (in mins),Harry Potter and the Prisoner of Azkaban,,,,,,
In,▶ Marcus Flint,"Harry Potter
And  
the Chamber of Secrets",Screen Time (in mins),Harry Potter and the Chamber of Secrets,,,,,,
In,▶ Romilda Vane,"Harry Potter
And  
the Half-Blood Prince",Screen Time (in mins),Harry Potter and the Half-Blood Prince,,,,,,
In,▶ Justin Finch-Fletchley,"Harry Potter
And  
the Chamber of Secrets",Screen Time (in mins),Harry Potter and the Chamber of Secrets,,,,,,
In,"▶ Sir Nicholas ""Nearly-Headless Nick""","Harry Potter
And  
the Chamber of Secrets",Screen Time (in mins),Harry Potter and the Chamber of Secrets,,,,,,
In,▶ Alicia Spinnet,"Harry Potter
And  
the Chamber of Secrets",Screen Time (in mins),Harry Potter and the Chamber of Secrets,,,,,,
In,▶ Angelina Johnson,"Harry Potter
And  
the Chamber of Secrets",Screen Time (in mins),Harry Potter and the Chamber of Secrets,,,,,,
In,▶ Scabbers / Peter Pettigrew,"Harry Potter
And  
the Chamber of Secrets",Screen Time (in mins),Harry Potter and the Chamber of Secrets,,,,,,
In,▶ Lee Jordan,"Harry Potter
And  
the Chamber of Secrets",Screen Time (in mins),Harry Potter and the Chamber of Secrets,,,,,,
In,▶ Harry Potter,"Harry Potter
And  
the Sorcerer's Stone",Runtime (mins),Harry Potter and the Sorcerer's Stone,162,-10,152,152,72.8,539.25
In,▶ Harry Potter,"Harry Potter
And  
the Chamber of Secrets",Runtime (mins),Harry Potter and the Chamber of Secrets,171,-10,161,161,83.8,539.25
In,▶ Harry Potter,"Harry Potter
And  
the Prisoner of Azkaban",Runtime (mins),Harry Potter and the Prisoner of Azkaban,152,-10,142,142,74.5,539.25
In,▶ Harry Potter,"Harry Potter
And  
the Goblet of Fire",Runtime (mins),Harry Potter and the Goblet of Fire,167,-10,157,157,63.3,539.25
In,▶ Harry Potter,"Harry Potter
And  
the Order of the Phoenix",Runtime (mins),Harry Potter and the Order of the Phoenix,148,-10,138,138,61.8,539.25
In,▶ Harry Potter,"Harry Potter
And  
the Half-Blood Prince",Runtime (mins),Harry Potter and the Half-Blood Prince,163,-10,153,153,67.0,539.25
In,▶ Harry Potter,"Harry Potter
And  
the Deathly Hallows: Part 1",Runtime (mins),Harry Potter and the Deathly Hallows: Part 1,156,-10,146,146,68.3,539.25
In,▶ Harry Potter,"Harry Potter
And  
the Deathly Hallows: Part 2",Runtime (mins),Harry Potter and the Deathly Hallows: Part 2,140,-10,130,130,48.0,539.25
In,▶ Ron Weasley,"Harry Potter
And  
the Sorcerer's Stone",Runtime (mins),Harry Potter and the Sorcerer's Stone,162,-10,152,152,28.3,211.75
In,▶ Ron Weasley,"Harry Potter
And  
the Chamber of Secrets",Runtime (mins),Harry Potter and the Chamber of Secrets,171,-10,161,161,38.3,211.75
In,▶ Ron Weasley,"Harry Potter
And  
the Prisoner of Azkaban",Runtime (mins),Harry Potter and the Prisoner of Azkaban,152,-10,142,142,21.3,211.75
In,▶ Ron Weasley,"Harry Potter
And  
the Goblet of Fire",Runtime (mins),Harry Potter and the Goblet of Fire,167,-10,157,157,20.5,211.75
In,▶ Ron Weasley,"Harry Potter
And  
the Order of the Phoenix",Runtime (mins),Harry Potter and the Order of the Phoenix,148,-10,138,138,21.0,211.75
In,▶ Ron Weasley,"Harry Potter
And  
the Half-Blood Prince",Runtime (mins),Harry Potter and the Half-Blood Prince,163,-10,153,153,21.8,211.75
In,▶ Ron Weasley,"Harry Potter
And  
the Deathly Hallows: Part 1",Runtime (mins),Harry Potter and the Deathly Hallows: Part 1,156,-10,146,146,35.8,211.75
In,▶ Ron Weasley,"Harry Potter
And  
the Deathly Hallows: Part 2",Runtime (mins),Harry Potter and the Deathly Hallows: Part 2,140,-10,130,130,25.0,211.75
In,▶ Hermione Granger,"Harry Potter
And  
the Sorcerer's Stone",Runtime (mins),Harry Potter and the Sorcerer's Stone,162,-10,152,152,23.3,205
In,▶ Hermione Granger,"Harry Potter
And  
the Chamber of Secrets",Runtime (mins),Harry Potter and the Chamber of Secrets,171,-10,161,161,15.5,205
In,▶ Hermione Granger,"Harry Potter
And  
the Prisoner of Azkaban",Runtime (mins),Harry Potter and the Prisoner of Azkaban,152,-10,142,142,34.8,205
In,▶ Hermione Granger,"Harry Potter
And  
the Goblet of Fire",Runtime (mins),Harry Potter and the Goblet of Fire,167,-10,157,157,16.5,205
In,▶ Hermione Granger,"Harry Potter
And  
the Order of the Phoenix",Runtime (mins),Harry Potter and the Order of the Phoenix,148,-10,138,138,23.0,205
In,▶ Hermione Granger,"Harry Potter
And  
the Half-Blood Prince",Runtime (mins),Harry Potter and the Half-Blood Prince,163,-10,153,153,20.0,205
In,▶ Hermione Granger,"Harry Potter
And  
the Deathly Hallows: Part 1",Runtime (mins),Harry Potter and the Deathly Hallows: Part 1,156,-10,146,146,46.0,205
In,▶ Hermione Granger,"Harry Potter
And  
the Deathly Hallows: Part 2",Runtime (mins),Harry Potter and the Deathly Hallows: Part 2,140,-10,130,130,26.0,205
In,▶ Professor Albus Dumbledore,"Harry Potter
And  
the Sorcerer's Stone",Runtime (mins),Harry Potter and the Sorcerer's Stone,162,-10,152,152,9.8,76.5
In,▶ Professor Albus Dumbledore,"Harry Potter
And  
the Chamber of Secrets",Runtime (mins),Harry Potter and the Chamber of Secrets,171,-10,161,161,10.8,76.5
In,▶ Professor Albus Dumbledore,"Harry Potter
And  
the Prisoner of Azkaban",Runtime (mins),Harry Potter and the Prisoner of Azkaban,152,-10,142,142,6.3,76.5
In,▶ Professor Albus Dumbledore,"Harry Potter
And  
the Goblet of Fire",Runtime (mins),Harry Potter and the Goblet of Fire,167,-10,157,157,14.3,76.5
In,▶ Professor Albus Dumbledore,"Harry Potter
And  
the Order of the Phoenix",Runtime (mins),Harry Potter and the Order of the Phoenix,148,-10,138,138,7.5,76.5
In,▶ Professor Albus Dumbledore,"Harry Potter
And  
the Half-Blood Prince",Runtime (mins),Harry Potter and the Half-Blood Prince,163,-10,153,153,22.3,76.5
In,▶ Professor Albus Dumbledore,"Harry Potter
And  
the Deathly Hallows: Part 2",Runtime (mins),Harry Potter and the Deathly Hallows: Part 2,140,-10,130,130,5.8,76.5
In,▶ Professor Severus Snape,"Harry Potter
And  
the Sorcerer's Stone",Runtime (mins),Harry Potter and the Sorcerer's Stone,162,-10,152,152,4.0,43.25
In,▶ Professor Severus Snape,"Harry Potter
And  
the Chamber of Secrets",Runtime (mins),Harry Potter and the Chamber of Secrets,171,-10,161,161,4.5,43.25
In,▶ Professor Severus Snape,"Harry Potter
And  
the Prisoner of Azkaban",Runtime (mins),Harry Potter and the Prisoner of Azkaban,152,-10,142,142,5.8,43.25
In,▶ Professor Severus Snape,"Harry Potter
And  
the Goblet of Fire",Runtime (mins),Harry Potter and the Goblet of Fire,167,-10,157,157,4.8,43.25
In,▶ Professor Severus Snape,"Harry Potter
And  
the Order of the Phoenix",Runtime (mins),Harry Potter and the Order of the Phoenix,148,-10,138,138,4.0,43.25
In,▶ Professor Severus Snape,"Harry Potter
And  
the Half-Blood Prince",Runtime (mins),Harry Potter and the Half-Blood Prince,163,-10,153,153,9.3,43.25
In,▶ Professor Severus Snape,"Harry Potter
And  
the Deathly Hallows: Part 1",Runtime (mins),Harry Potter and the Deathly Hallows: Part 1,156,-10,146,146,1.3,43.25
In,▶ Professor Severus Snape,"Harry Potter
And  
the Deathly Hallows: Part 2",Runtime (mins),Harry Potter and the Deathly Hallows: Part 2,140,-10,130,130,9.8,43.25
In,▶ Tom Riddle / Voldemort,"Harry Potter
And  
the Sorcerer's Stone",Runtime (mins),Harry Potter and the Sorcerer's Stone,162,-10,152,152,2.0,38.25
In,▶ Tom Riddle / Voldemort,"Harry Potter
And  
the Chamber of Secrets",Runtime (mins),Harry Potter and the Chamber of Secrets,171,-10,161,161,6.8,38.25
In,▶ Tom Riddle / Voldemort,"Harry Potter
And  
the Prisoner of Azkaban",Runtime (mins),Harry Potter and the Prisoner of Azkaban,152,-10,142,142,1.0,38.25
In,▶ Tom Riddle / Voldemort,"Harry Potter
And  
the Goblet of Fire",Runtime (mins),Harry Potter and the Goblet of Fire,167,-10,157,157,6.5,38.25
In,▶ Tom Riddle / Voldemort,"Harry Potter
And  
the Order of the Phoenix",Runtime (mins),Harry Potter and the Order of the Phoenix,148,-10,138,138,2.3,38.25
In,▶ Tom Riddle / Voldemort,"Harry Potter
And  
the Half-Blood Prince",Runtime (mins),Harry Potter and the Half-Blood Prince,163,-10,153,153,4.3,38.25
In,▶ Tom Riddle / Voldemort,"Harry Potter
And  
the Deathly Hallows: Part 1",Runtime (mins),Harry Potter and the Deathly Hallows: Part 1,156,-10,146,146,5.0,38.25
In,▶ Tom Riddle / Voldemort,"Harry Potter
And  
the Deathly Hallows: Part 2",Runtime (mins),Harry Potter and the Deathly Hallows: Part 2,140,-10,130,130,10.5,38.25
In,▶ Draco Malfoy,"Harry Potter
And  
the Sorcerer's Stone",Runtime (mins),Harry Potter and the Sorcerer's Stone,162,-10,152,152,4.3,31.75
In,▶ Draco Malfoy,"Harry Potter
And  
the Chamber of Secrets",Runtime (mins),Harry Potter and the Chamber of Secrets,171,-10,161,161,7.0,31.75
In,▶ Draco Malfoy,"Harry Potter
And  
the Prisoner of Azkaban",Runtime (mins),Harry Potter and the Prisoner of Azkaban,152,-10,142,142,4.0,31.75
In,▶ Draco Malfoy,"Harry Potter
And  
the Goblet of Fire",Runtime (mins),Harry Potter and the Goblet of Fire,167,-10,157,157,2.3,31.75
In,▶ Draco Malfoy,"Harry Potter
And  
the Order of the Phoenix",Runtime (mins),Harry Potter and the Order of the Phoenix,148,-10,138,138,1.3,31.75
In,▶ Draco Malfoy,"Harry Potter
And  
the Half-Blood Prince",Runtime (mins),Harry Potter and the Half-Blood Prince,163,-10,153,153,8.3,31.75
In,▶ Draco Malfoy,"Harry Potter
And  
the Deathly Hallows: Part 1",Runtime (mins),Harry Potter and the Deathly Hallows: Part 1,156,-10,146,146,2.3,31.75
In,▶ Draco Malfoy,"Harry Potter
And  
the Deathly Hallows: Part 2",Runtime (mins),Harry Potter and the Deathly Hallows: Part 2,140,-10,130,130,2.5,31.75
In,▶ Ginny Weasley,"Harry Potter
And  
the Chamber of Secrets",Runtime (mins),Harry Potter and the Chamber of Secrets,171,-10,161,161,4.8,29.5
In,▶ Ginny Weasley,"Harry Potter
And  
the Goblet of Fire",Runtime (mins),Harry Potter and the Goblet of Fire,167,-10,157,157,3.5,29.5
In,▶ Ginny Weasley,"Harry Potter
And  
the Order of the Phoenix",Runtime (mins),Harry Potter and the Order of the Phoenix,148,-10,138,138,6.8,29.5
In,▶ Ginny Weasley,"Harry Potter
And  
the Half-Blood Prince",Runtime (mins),Harry Potter and the Half-Blood Prince,163,-10,153,153,8.8,29.5
In,▶ Ginny Weasley,"Harry Potter
And  
the Deathly Hallows: Part 1",Runtime (mins),Harry Potter and the Deathly Hallows: Part 1,156,-10,146,146,2.0,29.5
In,▶ Ginny Weasley,"Harry Potter
And  
the Deathly Hallows: Part 2",Runtime (mins),Harry Potter and the Deathly Hallows: Part 2,140,-10,130,130,3.8,29.5
In,▶ Professor Minerva McGonagall,"Harry Potter
And  
the Sorcerer's Stone",Runtime (mins),Harry Potter and the Sorcerer's Stone,162,-10,152,152,7.5,28.75
In,▶ Professor Minerva McGonagall,"Harry Potter
And  
the Chamber of Secrets",Runtime (mins),Harry Potter and the Chamber of Secrets,171,-10,161,161,5.8,28.75
In,▶ Professor Minerva McGonagall,"Harry Potter
And  
the Prisoner of Azkaban",Runtime (mins),Harry Potter and the Prisoner of Azkaban,152,-10,142,142,1.8,28.75
In,▶ Professor Minerva McGonagall,"Harry Potter
And  
the Goblet of Fire",Runtime (mins),Harry Potter and the Goblet of Fire,167,-10,157,157,4.5,28.75
In,▶ Professor Minerva McGonagall,"Harry Potter
And  
the Order of the Phoenix",Runtime (mins),Harry Potter and the Order of the Phoenix,148,-10,138,138,2.0,28.75
In,▶ Professor Minerva McGonagall,"Harry Potter
And  
the Half-Blood Prince",Runtime (mins),Harry Potter and the Half-Blood Prince,163,-10,153,153,3.8,28.75
In,▶ Professor Minerva McGonagall,"Harry Potter
And  
the Deathly Hallows: Part 2",Runtime (mins),Harry Potter and the Deathly Hallows: Part 2,140,-10,130,130,3.5,28.75
In,▶ Neville Longbottom,"Harry Potter
And  
the Sorcerer's Stone",Runtime (mins),Harry Potter and the Sorcerer's Stone,162,-10,152,152,3.3,28
In,▶ Neville Longbottom,"Harry Potter
And  
the Chamber of Secrets",Runtime (mins),Harry Potter and the Chamber of Secrets,171,-10,161,161,1.3,28
In,▶ Neville Longbottom,"Harry Potter
And  
the Prisoner of Azkaban",Runtime (mins),Harry Potter and the Prisoner of Azkaban,152,-10,142,142,3.0,28
In,▶ Neville Longbottom,"Harry Potter
And  
the Goblet of Fire",Runtime (mins),Harry Potter and the Goblet of Fire,167,-10,157,157,4.3,28
In,▶ Neville Longbottom,"Harry Potter
And  
the Order of the Phoenix",Runtime (mins),Harry Potter and the Order of the Phoenix,148,-10,138,138,9.0,28
In,▶ Neville Longbottom,"Harry Potter
And  
the Half-Blood Prince",Runtime (mins),Harry Potter and the Half-Blood Prince,163,-10,153,153,1.5,28
In,▶ Neville Longbottom,"Harry Potter
And  
the Deathly Hallows: Part 2",Runtime (mins),Harry Potter and the Deathly Hallows: Part 2,140,-10,130,130,5.8,28
In,▶ Rubeus Hagrid,"Harry Potter
And  
the Sorcerer's Stone",Runtime (mins),Harry Potter and the Sorcerer's Stone,162,-10,152,152,16.5,24.75
In,▶ Rubeus Hagrid,"Harry Potter
And  
the Chamber of Secrets",Runtime (mins),Harry Potter and the Chamber of Secrets,171,-10,161,161,8.3,24.75
In,▶ Professor Rubeus Hagrid,"Harry Potter
And  
the Prisoner of Azkaban",Runtime (mins),Harry Potter and the Prisoner of Azkaban,152,-10,142,142,5.3,21
In,▶ Professor Rubeus Hagrid,"Harry Potter
And  
the Goblet of Fire",Runtime (mins),Harry Potter and the Goblet of Fire,167,-10,157,157,3.8,21
In,▶ Professor Rubeus Hagrid,"Harry Potter
And  
the Order of the Phoenix",Runtime (mins),Harry Potter and the Order of the Phoenix,148,-10,138,138,2.8,21
In,▶ Professor Rubeus Hagrid,"Harry Potter
And  
the Half-Blood Prince",Runtime (mins),Harry Potter and the Half-Blood Prince,163,-10,153,153,4.0,21
In,▶ Professor Rubeus Hagrid,"Harry Potter
And  
the Deathly Hallows: Part 1",Runtime (mins),Harry Potter and the Deathly Hallows: Part 1,156,-10,146,146,4.3,21
In,▶ Professor Rubeus Hagrid,"Harry Potter
And  
the Deathly Hallows: Part 2",Runtime (mins),Harry Potter and the Deathly Hallows: Part 2,140,-10,130,130,1.0,21
In,▶ Sirius Black,"Harry Potter
And  
the Prisoner of Azkaban",Runtime (mins),Harry Potter and the Prisoner of Azkaban,152,-10,142,142,11.5,20.25
In,▶ Sirius Black,"Harry Potter
And  
the Goblet of Fire",Runtime (mins),Harry Potter and the Goblet of Fire,167,-10,157,157,1.3,20.25
In,▶ Sirius Black,"Harry Potter
And  
the Order of the Phoenix",Runtime (mins),Harry Potter and the Order of the Phoenix,148,-10,138,138,7.5,20.25
In,▶ George Weasley,"Harry Potter
And  
the Sorcerer's Stone",Runtime (mins),Harry Potter and the Sorcerer's Stone,162,-10,152,152,1.5,19.5
In,▶ George Weasley,"Harry Potter
And  
the Chamber of Secrets",Runtime (mins),Harry Potter and the Chamber of Secrets,171,-10,161,161,2.5,19.5
In,▶ George Weasley,"Harry Potter
And  
the Prisoner of Azkaban",Runtime (mins),Harry Potter and the Prisoner of Azkaban,152,-10,142,142,2.8,19.5
In,▶ George Weasley,"Harry Potter
And  
the Goblet of Fire",Runtime (mins),Harry Potter and the Goblet of Fire,167,-10,157,157,4.5,19.5
In,▶ George Weasley,"Harry Potter
And  
the Order of the Phoenix",Runtime (mins),Harry Potter and the Order of the Phoenix,148,-10,138,138,5.0,19.5
In,▶ George Weasley,"Harry Potter
And  
the Deathly Hallows: Part 1",Runtime (mins),Harry Potter and the Deathly Hallows: Part 1,156,-10,146,146,2.3,19.5
In,▶ George Weasley,"Harry Potter
And  
the Deathly Hallows: Part 2",Runtime (mins),Harry Potter and the Deathly Hallows: Part 2,140,-10,130,130,1.0,19.5
In,▶ Professor Remus Lupin,"Harry Potter
And  
the Prisoner of Azkaban",Runtime (mins),Harry Potter and the Prisoner of Azkaban,152,-10,142,142,19.3,19.25
In,▶ Fred Weasley,"Harry Potter
And  
the Sorcerer's Stone",Runtime (mins),Harry Potter and the Sorcerer's Stone,162,-10,152,152,1.5,18.25
In,▶ Fred Weasley,"Harry Potter
And  
the Chamber of Secrets",Runtime (mins),Harry Potter and the Chamber of Secrets,171,-10,161,161,2.5,18.25
In,▶ Fred Weasley,"Harry Potter
And  
the Prisoner of Azkaban",Runtime (mins),Harry Potter and the Prisoner of Azkaban,152,-10,142,142,2.8,18.25
In,▶ Fred Weasley,"Harry Potter
And  
the Goblet of Fire",Runtime (mins),Harry Potter and the Goblet of Fire,167,-10,157,157,4.5,18.25
In,▶ Fred Weasley,"Harry Potter
And  
the Order of the Phoenix",Runtime (mins),Harry Potter and the Order of the Phoenix,148,-10,138,138,5.0,18.25
In,▶ Fred Weasley,"Harry Potter
And  
the Deathly Hallows: Part 1",Runtime (mins),Harry Potter and the Deathly Hallows: Part 1,156,-10,146,146,2.0,18.25
In,▶ Professor Horace Slughorn,"Harry Potter
And  
the Half-Blood Prince",Runtime (mins),Harry Potter and the Half-Blood Prince,163,-10,153,153,18.0,18
In,▶ Luna Lovegood,"Harry Potter
And  
the Order of the Phoenix",Runtime (mins),Harry Potter and the Order of the Phoenix,148,-10,138,138,9.3,17.25
In,▶ Luna Lovegood,"Harry Potter
And  
the Half-Blood Prince",Runtime (mins),Harry Potter and the Half-Blood Prince,163,-10,153,153,3.3,17.25
In,▶ Luna Lovegood,"Harry Potter
And  
the Deathly Hallows: Part 1",Runtime (mins),Harry Potter and the Deathly Hallows: Part 1,156,-10,146,146,2.5,17.25
In,▶ Luna Lovegood,"Harry Potter
And  
the Deathly Hallows: Part 2",Runtime (mins),Harry Potter and the Deathly Hallows: Part 2,140,-10,130,130,2.3,17.25
In,▶ Bartemius Crouch Jr.,"Harry Potter
And  
the Goblet of Fire",Runtime (mins),Harry Potter and the Goblet of Fire,167,-10,157,157,16.3,16.25
In,▶ Arthur Weasley,"Harry Potter
And  
the Chamber of Secrets",Runtime (mins),Harry Potter and the Chamber of Secrets,171,-10,161,161,2.5,15.75
In,▶ Arthur Weasley,"Harry Potter
And  
the Prisoner of Azkaban",Runtime (mins),Harry Potter and the Prisoner of Azkaban,152,-10,142,142,1.8,15.75
In,▶ Arthur Weasley,"Harry Potter
And  
the Goblet of Fire",Runtime (mins),Harry Potter and the Goblet of Fire,167,-10,157,157,2.5,15.75
In,▶ Arthur Weasley,"Harry Potter
And  
the Order of the Phoenix",Runtime (mins),Harry Potter and the Order of the Phoenix,148,-10,138,138,3.5,15.75
In,▶ Arthur Weasley,"Harry Potter
And  
the Half-Blood Prince",Runtime (mins),Harry Potter and the Half-Blood Prince,163,-10,153,153,2.8,15.75
In,▶ Arthur Weasley,"Harry Potter
And  
the Deathly Hallows: Part 1",Runtime (mins),Harry Potter and the Deathly Hallows: Part 1,156,-10,146,146,1.8,15.75
In,▶ Arthur Weasley,"Harry Potter
And  
the Deathly Hallows: Part 2",Runtime (mins),Harry Potter and the Deathly Hallows: Part 2,140,-10,130,130,1.0,15.75
In,▶ Lucius Malfoy,"Harry Potter
And  
the Chamber of Secrets",Runtime (mins),Harry Potter and the Chamber of Secrets,171,-10,161,161,6.8,15.25
In,▶ Lucius Malfoy,"Harry Potter
And  
the Goblet of Fire",Runtime (mins),Harry Potter and the Goblet of Fire,167,-10,157,157,1.5,15.25
In,▶ Lucius Malfoy,"Harry Potter
And  
the Order of the Phoenix",Runtime (mins),Harry Potter and the Order of the Phoenix,148,-10,138,138,3.0,15.25
In,▶ Lucius Malfoy,"Harry Potter
And  
the Deathly Hallows: Part 1",Runtime (mins),Harry Potter and the Deathly Hallows: Part 1,156,-10,146,146,2.5,15.25
In,▶ Lucius Malfoy,"Harry Potter
And  
the Deathly Hallows: Part 2",Runtime (mins),Harry Potter and the Deathly Hallows: Part 2,140,-10,130,130,1.5,15.25
In,▶ Professor Dolores Umbridge,"Harry Potter
And  
the Order of the Phoenix",Runtime (mins),Harry Potter and the Order of the Phoenix,148,-10,138,138,14.3,14.25
In,▶ Dobby,"Harry Potter
And  
the Chamber of Secrets",Runtime (mins),Harry Potter and the Chamber of Secrets,171,-10,161,161,7.5,11.25
In,▶ Dobby,"Harry Potter
And  
the Deathly Hallows: Part 1",Runtime (mins),Harry Potter and the Deathly Hallows: Part 1,156,-10,146,146,3.8,11.25
In,▶ Vernon Dursley,"Harry Potter
And  
the Sorcerer's Stone",Runtime (mins),Harry Potter and the Sorcerer's Stone,162,-10,152,152,4.0,10.75
In,▶ Vernon Dursley,"Harry Potter
And  
the Chamber of Secrets",Runtime (mins),Harry Potter and the Chamber of Secrets,171,-10,161,161,2.5,10.75
In,▶ Vernon Dursley,"Harry Potter
And  
the Prisoner of Azkaban",Runtime (mins),Harry Potter and the Prisoner of Azkaban,152,-10,142,142,3.0,10.75
In,▶ Vernon Dursley,"Harry Potter
And  
the Order of the Phoenix",Runtime (mins),Harry Potter and the Order of the Phoenix,148,-10,138,138,1.3,10.75
In,▶ Bellatrix Lestrange,"Harry Potter
And  
the Order of the Phoenix",Runtime (mins),Harry Potter and the Order of the Phoenix,148,-10,138,138,2.0,10.5
In,▶ Bellatrix Lestrange,"Harry Potter
And  
the Half-Blood Prince",Runtime (mins),Harry Potter and the Half-Blood Prince,163,-10,153,153,3.8,10.5
In,▶ Bellatrix Lestrange,"Harry Potter
And  
the Deathly Hallows: Part 1",Runtime (mins),Harry Potter and the Deathly Hallows: Part 1,156,-10,146,146,3.0,10.5
In,▶ Bellatrix Lestrange,"Harry Potter
And  
the Deathly Hallows: Part 2",Runtime (mins),Harry Potter and the Deathly Hallows: Part 2,140,-10,130,130,1.8,10.5
In,▶ Professor Gilderoy Lockhart,"Harry Potter
And  
the Chamber of Secrets",Runtime (mins),Harry Potter and the Chamber of Secrets,171,-10,161,161,10.5,10.5
In,▶ Dudley Dursley,"Harry Potter
And  
the Sorcerer's Stone",Runtime (mins),Harry Potter and the Sorcerer's Stone,162,-10,152,152,2.8,9.5
In,▶ Dudley Dursley,"Harry Potter
And  
the Chamber of Secrets",Runtime (mins),Harry Potter and the Chamber of Secrets,171,-10,161,161,1.3,9.5
In,▶ Dudley Dursley,"Harry Potter
And  
the Prisoner of Azkaban",Runtime (mins),Harry Potter and the Prisoner of Azkaban,152,-10,142,142,1.8,9.5
In,▶ Dudley Dursley,"Harry Potter
And  
the Order of the Phoenix",Runtime (mins),Harry Potter and the Order of the Phoenix,148,-10,138,138,3.8,9.5
In,▶ Cornelius Fudge,"Harry Potter
And  
the Chamber of Secrets",Runtime (mins),Harry Potter and the Chamber of Secrets,171,-10,161,161,2.5,9.25
In,▶ Cornelius Fudge,"Harry Potter
And  
the Prisoner of Azkaban",Runtime (mins),Harry Potter and the Prisoner of Azkaban,152,-10,142,142,3.0,9.25
In,▶ Cornelius Fudge,"Harry Potter
And  
the Goblet of Fire",Runtime (mins),Harry Potter and the Goblet of Fire,167,-10,157,157,1.0,9.25
In,▶ Cornelius Fudge,"Harry Potter
And  
the Order of the Phoenix",Runtime (mins),Harry Potter and the Order of the Phoenix,148,-10,138,138,2.8,9.25
In,▶ Seamus Finnigan,"Harry Potter
And  
the Sorcerer's Stone",Runtime (mins),Harry Potter and the Sorcerer's Stone,162,-10,152,152,1.8,9
In,▶ Seamus Finnigan,"Harry Potter
And  
the Chamber of Secrets",Runtime (mins),Harry Potter and the Chamber of Secrets,171,-10,161,161,1.0,9
In,▶ Seamus Finnigan,"Harry Potter
And  
the Prisoner of Azkaban",Runtime (mins),Harry Potter and the Prisoner of Azkaban,152,-10,142,142,1.8,9
In,▶ Seamus Finnigan,"Harry Potter
And  
the Goblet of Fire",Runtime (mins),Harry Potter and the Goblet of Fire,167,-10,157,157,1.5,9
In,▶ Seamus Finnigan,"Harry Potter
And  
the Order of the Phoenix",Runtime (mins),Harry Potter and the Order of the Phoenix,148,-10,138,138,1.8,9
In,▶ Seamus Finnigan,"Harry Potter
And  
the Deathly Hallows: Part 2",Runtime (mins),Harry Potter and the Deathly Hallows: Part 2,140,-10,130,130,1.3,9
In,▶ Molly Weasley,"Harry Potter
And  
the Chamber of Secrets",Runtime (mins),Harry Potter and the Chamber of Secrets,171,-10,161,161,2.3,8.5
In,▶ Molly Weasley,"Harry Potter
And  
the Order of the Phoenix",Runtime (mins),Harry Potter and the Order of the Phoenix,148,-10,138,138,1.8,8.5
In,▶ Molly Weasley,"Harry Potter
And  
the Half-Blood Prince",Runtime (mins),Harry Potter and the Half-Blood Prince,163,-10,153,153,1.3,8.5
In,▶ Molly Weasley,"Harry Potter
And  
the Deathly Hallows: Part 1",Runtime (mins),Harry Potter and the Deathly Hallows: Part 1,156,-10,146,146,1.3,8.5
In,▶ Molly Weasley,"Harry Potter
And  
the Deathly Hallows: Part 2",Runtime (mins),Harry Potter and the Deathly Hallows: Part 2,140,-10,130,130,2.0,8.5
In,▶ Cedric Diggory,"Harry Potter
And  
the Goblet of Fire",Runtime (mins),Harry Potter and the Goblet of Fire,167,-10,157,157,8.0,8
In,▶ Petunia Dursley,"Harry Potter
And  
the Sorcerer's Stone",Runtime (mins),Harry Potter and the Sorcerer's Stone,162,-10,152,152,3.0,8
In,▶ Petunia Dursley,"Harry Potter
And  
the Chamber of Secrets",Runtime (mins),Harry Potter and the Chamber of Secrets,171,-10,161,161,1.5,8
In,▶ Petunia Dursley,"Harry Potter
And  
the Prisoner of Azkaban",Runtime (mins),Harry Potter and the Prisoner of Azkaban,152,-10,142,142,2.3,8
In,▶ Petunia Dursley,"Harry Potter
And  
the Order of the Phoenix",Runtime (mins),Harry Potter and the Order of the Phoenix,148,-10,138,138,1.3,8
In,▶ Buckbeak,"Harry Potter
And  
the Prisoner of Azkaban",Runtime (mins),Harry Potter and the Prisoner of Azkaban,152,-10,142,142,7.8,7.75
In,▶ Mr. Ollivander,"Harry Potter
And  
the Sorcerer's Stone",Runtime (mins),Harry Potter and the Sorcerer's Stone,162,-10,152,152,3.0,7.25
In,▶ Mr. Ollivander,"Harry Potter
And  
the Deathly Hallows: Part 1",Runtime (mins),Harry Potter and the Deathly Hallows: Part 1,156,-10,146,146,1.0,7.25
In,▶ Mr. Ollivander,"Harry Potter
And  
the Deathly Hallows: Part 2",Runtime (mins),Harry Potter and the Deathly Hallows: Part 2,140,-10,130,130,3.3,7.25
In,▶ Peter Pettigrew,"Harry Potter
And  
the Prisoner of Azkaban",Runtime (mins),Harry Potter and the Prisoner of Azkaban,152,-10,142,142,2.5,7
In,▶ Peter Pettigrew,"Harry Potter
And  
the Goblet of Fire",Runtime (mins),Harry Potter and the Goblet of Fire,167,-10,157,157,3.5,7
In,▶ Peter Pettigrew,"Harry Potter
And  
the Deathly Hallows: Part 1",Runtime (mins),Harry Potter and the Deathly Hallows: Part 1,156,-10,146,146,1.0,7
In,▶ Professor Quirinus Quirrell,"Harry Potter
And  
the Sorcerer's Stone",Runtime (mins),Harry Potter and the Sorcerer's Stone,162,-10,152,152,7.0,7
In,▶ Narcissa Malfoy,"Harry Potter
And  
the Half-Blood Prince",Runtime (mins),Harry Potter and the Half-Blood Prince,163,-10,153,153,2.8,6.75
In,▶ Narcissa Malfoy,"Harry Potter
And  
the Deathly Hallows: Part 1",Runtime (mins),Harry Potter and the Deathly Hallows: Part 1,156,-10,146,146,2.5,6.75
In,▶ Narcissa Malfoy,"Harry Potter
And  
the Deathly Hallows: Part 2",Runtime (mins),Harry Potter and the Deathly Hallows: Part 2,140,-10,130,130,1.5,6.75
In,▶ Remus Lupin,"Harry Potter
And  
the Order of the Phoenix",Runtime (mins),Harry Potter and the Order of the Phoenix,148,-10,138,138,1.3,6.75
In,▶ Remus Lupin,"Harry Potter
And  
the Half-Blood Prince",Runtime (mins),Harry Potter and the Half-Blood Prince,163,-10,153,153,2.0,6.75
In,▶ Remus Lupin,"Harry Potter
And  
the Deathly Hallows: Part 1",Runtime (mins),Harry Potter and the Deathly Hallows: Part 1,156,-10,146,146,2.0,6.75
In,▶ Remus Lupin,"Harry Potter
And  
the Deathly Hallows: Part 2",Runtime (mins),Harry Potter and the Deathly Hallows: Part 2,140,-10,130,130,1.5,6.75
In,▶ Argus Filch,"Harry Potter
And  
the Sorcerer's Stone",Runtime (mins),Harry Potter and the Sorcerer's Stone,162,-10,152,152,1.3,6.5
In,▶ Argus Filch,"Harry Potter
And  
the Chamber of Secrets",Runtime (mins),Harry Potter and the Chamber of Secrets,171,-10,161,161,1.8,6.5
In,▶ Argus Filch,"Harry Potter
And  
the Prisoner of Azkaban",Runtime (mins),Harry Potter and the Prisoner of Azkaban,152,-10,142,142,1.3,6.5
In,▶ Argus Filch,"Harry Potter
And  
the Order of the Phoenix",Runtime (mins),Harry Potter and the Order of the Phoenix,148,-10,138,138,2.3,6.5
In,▶ Cho Chang,"Harry Potter
And  
the Goblet of Fire",Runtime (mins),Harry Potter and the Goblet of Fire,167,-10,157,157,1.8,6.5
In,▶ Cho Chang,"Harry Potter
And  
the Order of the Phoenix",Runtime (mins),Harry Potter and the Order of the Phoenix,148,-10,138,138,3.5,6.5
In,▶ Cho Chang,"Harry Potter
And  
the Deathly Hallows: Part 2",Runtime (mins),Harry Potter and the Deathly Hallows: Part 2,140,-10,130,130,1.3,6.5
In,▶ Griphook,"Harry Potter
And  
the Deathly Hallows: Part 1",Runtime (mins),Harry Potter and the Deathly Hallows: Part 1,156,-10,146,146,1.0,6.5
In,▶ Griphook,"Harry Potter
And  
the Deathly Hallows: Part 2",Runtime (mins),Harry Potter and the Deathly Hallows: Part 2,140,-10,130,130,5.5,6.5
In,▶ Fleur Delacour,"Harry Potter
And  
the Goblet of Fire",Runtime (mins),Harry Potter and the Goblet of Fire,167,-10,157,157,4.5,6
In,▶ Fleur Delacour,"Harry Potter
And  
the Deathly Hallows: Part 1",Runtime (mins),Harry Potter and the Deathly Hallows: Part 1,156,-10,146,146,1.5,6
In,▶ Gregory Goyle,"Harry Potter
And  
the Chamber of Secrets",Runtime (mins),Harry Potter and the Chamber of Secrets,171,-10,161,161,1.3,5.75
In,▶ Gregory Goyle,"Harry Potter
And  
the Prisoner of Azkaban",Runtime (mins),Harry Potter and the Prisoner of Azkaban,152,-10,142,142,2.0,5.75
In,▶ Gregory Goyle,"Harry Potter
And  
the Order of the Phoenix",Runtime (mins),Harry Potter and the Order of the Phoenix,148,-10,138,138,1.3,5.75
In,▶ Gregory Goyle,"Harry Potter
And  
the Deathly Hallows: Part 2",Runtime (mins),Harry Potter and the Deathly Hallows: Part 2,140,-10,130,130,1.3,5.75
In,▶ Dean Thomas,"Harry Potter
And  
the Sorcerer's Stone",Runtime (mins),Harry Potter and the Sorcerer's Stone,162,-10,152,152,1.3,5.5
In,▶ Dean Thomas,"Harry Potter
And  
the Chamber of Secrets",Runtime (mins),Harry Potter and the Chamber of Secrets,171,-10,161,161,1.0,5.5
In,▶ Dean Thomas,"Harry Potter
And  
the Goblet of Fire",Runtime (mins),Harry Potter and the Goblet of Fire,167,-10,157,157,1.0,5.5
In,▶ Dean Thomas,"Harry Potter
And  
the Order of the Phoenix",Runtime (mins),Harry Potter and the Order of the Phoenix,148,-10,138,138,1.3,5.5
In,▶ Dean Thomas,"Harry Potter
And  
the Deathly Hallows: Part 2",Runtime (mins),Harry Potter and the Deathly Hallows: Part 2,140,-10,130,130,1.0,5.5
In,▶ Lavender Brown,"Harry Potter
And  
the Prisoner of Azkaban",Runtime (mins),Harry Potter and the Prisoner of Azkaban,152,-10,142,142,1.0,5.5
In,▶ Lavender Brown,"Harry Potter
And  
the Half-Blood Prince",Runtime (mins),Harry Potter and the Half-Blood Prince,163,-10,153,153,3.5,5.5
In,▶ Lavender Brown,"Harry Potter
And  
the Deathly Hallows: Part 2",Runtime (mins),Harry Potter and the Deathly Hallows: Part 2,140,-10,130,130,1.0,5.5
In,▶ Bartemius Crouch Sr.,"Harry Potter
And  
the Goblet of Fire",Runtime (mins),Harry Potter and the Goblet of Fire,167,-10,157,157,5.3,5.25
In,▶ Viktor Krum,"Harry Potter
And  
the Goblet of Fire",Runtime (mins),Harry Potter and the Goblet of Fire,167,-10,157,157,5.3,5.25
In,▶ Xenophilius Lovegood,"Harry Potter
And  
the Deathly Hallows: Part 1",Runtime (mins),Harry Potter and the Deathly Hallows: Part 1,156,-10,146,146,5.0,5
In,▶ Professor Sybil Trelawney,"Harry Potter
And  
the Prisoner of Azkaban",Runtime (mins),Harry Potter and the Prisoner of Azkaban,152,-10,142,142,2.8,4.75
In,▶ Professor Sybil Trelawney,"Harry Potter
And  
the Order of the Phoenix",Runtime (mins),Harry Potter and the Order of the Phoenix,148,-10,138,138,2.0,4.75
In,▶ Hedwig,"Harry Potter
And  
the Sorcerer's Stone",Runtime (mins),Harry Potter and the Sorcerer's Stone,162,-10,152,152,1.8,4.5
In,▶ Hedwig,"Harry Potter
And  
the Chamber of Secrets",Runtime (mins),Harry Potter and the Chamber of Secrets,171,-10,161,161,1.8,4.5
In,▶ Hedwig,"Harry Potter
And  
the Prisoner of Azkaban",Runtime (mins),Harry Potter and the Prisoner of Azkaban,152,-10,142,142,1.0,4.5
In,▶ Kingsley Shacklebolt,"Harry Potter
And  
the Order of the Phoenix",Runtime (mins),Harry Potter and the Order of the Phoenix,148,-10,138,138,2.5,4.5
In,▶ Kingsley Shacklebolt,"Harry Potter
And  
the Deathly Hallows: Part 1",Runtime (mins),Harry Potter and the Deathly Hallows: Part 1,156,-10,146,146,1.0,4.5
In,▶ Kingsley Shacklebolt,"Harry Potter
And  
the Deathly Hallows: Part 2",Runtime (mins),Harry Potter and the Deathly Hallows: Part 2,140,-10,130,130,1.0,4.5
In,▶ Nymphadora Tonks,"Harry Potter
And  
the Order of the Phoenix",Runtime (mins),Harry Potter and the Order of the Phoenix,148,-10,138,138,1.8,4.5
In,▶ Nymphadora Tonks,"Harry Potter
And  
the Half-Blood Prince",Runtime (mins),Harry Potter and the Half-Blood Prince,163,-10,153,153,1.8,4.5
In,▶ Nymphadora Tonks,"Harry Potter
And  
the Deathly Hallows: Part 1",Runtime (mins),Harry Potter and the Deathly Hallows: Part 1,156,-10,146,146,1.0,4.5
In,▶ Oliver Wood,"Harry Potter
And  
the Sorcerer's Stone",Runtime (mins),Harry Potter and the Sorcerer's Stone,162,-10,152,152,2.8,4.5
In,▶ Oliver Wood,"Harry Potter
And  
the Chamber of Secrets",Runtime (mins),Harry Potter and the Chamber of Secrets,171,-10,161,161,1.8,4.5
In,▶ Parvati Patil,"Harry Potter
And  
the Prisoner of Azkaban",Runtime (mins),Harry Potter and the Prisoner of Azkaban,152,-10,142,142,1.3,4.5
In,▶ Parvati Patil,"Harry Potter
And  
the Goblet of Fire",Runtime (mins),Harry Potter and the Goblet of Fire,167,-10,157,157,1.8,4.5
In,▶ Parvati Patil,"Harry Potter
And  
the Order of the Phoenix",Runtime (mins),Harry Potter and the Order of the Phoenix,148,-10,138,138,1.5,4.5
In,▶ Vincent Crabbe,"Harry Potter
And  
the Chamber of Secrets",Runtime (mins),Harry Potter and the Chamber of Secrets,171,-10,161,161,1.3,4.5
In,▶ Vincent Crabbe,"Harry Potter
And  
the Prisoner of Azkaban",Runtime (mins),Harry Potter and the Prisoner of Azkaban,152,-10,142,142,2.0,4.5
In,▶ Vincent Crabbe,"Harry Potter
And  
the Order of the Phoenix",Runtime (mins),Harry Potter and the Order of the Phoenix,148,-10,138,138,1.3,4.5
In,▶ Padma Patil,"Harry Potter
And  
the Goblet of Fire",Runtime (mins),Harry Potter and the Goblet of Fire,167,-10,157,157,1.8,4.25
In,▶ Padma Patil,"Harry Potter
And  
the Order of the Phoenix",Runtime (mins),Harry Potter and the Order of the Phoenix,148,-10,138,138,1.5,4.25
In,▶ Padma Patil,"Harry Potter
And  
the Deathly Hallows: Part 2",Runtime (mins),Harry Potter and the Deathly Hallows: Part 2,140,-10,130,130,1.0,4.25
In,▶ Aberforth Dumbledore,"Harry Potter
And  
the Deathly Hallows: Part 2",Runtime (mins),Harry Potter and the Deathly Hallows: Part 2,140,-10,130,130,3.3,3.25
In,▶ Percy Weasley,"Harry Potter
And  
the Sorcerer's Stone",Runtime (mins),Harry Potter and the Sorcerer's Stone,162,-10,152,152,1.8,3.25
In,▶ Percy Weasley,"Harry Potter
And  
the Chamber of Secrets",Runtime (mins),Harry Potter and the Chamber of Secrets,171,-10,161,161,1.5,3.25
In,▶ Professor Igor Karkaroff,"Harry Potter
And  
the Goblet of Fire",Runtime (mins),Harry Potter and the Goblet of Fire,167,-10,157,157,3.3,3.25
In,▶ Rita Skeeter,"Harry Potter
And  
the Goblet of Fire",Runtime (mins),Harry Potter and the Goblet of Fire,167,-10,157,157,3.3,3.25
In,"▶ Alastor ""Mad-Eye"" Moody","Harry Potter
And  
the Order of the Phoenix",Runtime (mins),Harry Potter and the Order of the Phoenix,148,-10,138,138,1.5,3
In,"▶ Alastor ""Mad-Eye"" Moody","Harry Potter
And  
the Deathly Hallows: Part 1",Runtime (mins),Harry Potter and the Deathly Hallows: Part 1,156,-10,146,146,1.5,3
In,▶ Bogrod,"Harry Potter
And  
the Deathly Hallows: Part 2",Runtime (mins),Harry Potter and the Deathly Hallows: Part 2,140,-10,130,130,3.0,3
In,▶ Lily Potter,"Harry Potter
And  
the Sorcerer's Stone",Runtime (mins),Harry Potter and the Sorcerer's Stone,162,-10,152,152,1.3,3
In,▶ Lily Potter,"Harry Potter
And  
the Chamber of Secrets",Runtime (mins),Harry Potter and the Chamber of Secrets,171,-10,161,161,,3
In,▶ Lily Potter,"Harry Potter
And  
the Deathly Hallows: Part 2",Runtime (mins),Harry Potter and the Deathly Hallows: Part 2,140,-10,130,130,1.8,3
In,▶ Madame Olympe Maxime,"Harry Potter
And  
the Goblet of Fire",Runtime (mins),Harry Potter and the Goblet of Fire,167,-10,157,157,3.0,3
In,▶ Mundungus Fletcher,"Harry Potter
And  
the Deathly Hallows: Part 1",Runtime (mins),Harry Potter and the Deathly Hallows: Part 1,156,-10,146,146,3.0,3
In,▶ Marge Dursley,"Harry Potter
And  
the Prisoner of Azkaban",Runtime (mins),Harry Potter and the Prisoner of Azkaban,152,-10,142,142,2.8,2.75
In,▶ Moaning Myrtle,"Harry Potter
And  
the Chamber of Secrets",Runtime (mins),Harry Potter and the Chamber of Secrets,171,-10,161,161,1.5,2.75
In,▶ Moaning Myrtle,"Harry Potter
And  
the Goblet of Fire",Runtime (mins),Harry Potter and the Goblet of Fire,167,-10,157,157,1.3,2.75
In,▶ Nagini,"Harry Potter
And  
the Deathly Hallows: Part 1",Runtime (mins),Harry Potter and the Deathly Hallows: Part 1,156,-10,146,146,1.0,2.75
In,▶ Nagini,"Harry Potter
And  
the Deathly Hallows: Part 2",Runtime (mins),Harry Potter and the Deathly Hallows: Part 2,140,-10,130,130,1.8,2.75
In,▶ Professor Filius Flitwick,"Harry Potter
And  
the Sorcerer's Stone",Runtime (mins),Harry Potter and the Sorcerer's Stone,162,-10,152,152,1.0,2.75
In,▶ Professor Filius Flitwick,"Harry Potter
And  
the Chamber of Secrets",Runtime (mins),Harry Potter and the Chamber of Secrets,171,-10,161,161,0.3,2.75
In,▶ Professor Filius Flitwick,"Harry Potter
And  
the Deathly Hallows: Part 2",Runtime (mins),Harry Potter and the Deathly Hallows: Part 2,140,-10,130,130,1.5,2.75
In,▶ Scabior,"Harry Potter
And  
the Deathly Hallows: Part 1",Runtime (mins),Harry Potter and the Deathly Hallows: Part 1,156,-10,146,146,2.8,2.75
In,▶ The Sorting Hat,"Harry Potter
And  
the Sorcerer's Stone",Runtime (mins),Harry Potter and the Sorcerer's Stone,162,-10,152,152,2.0,2.75
In,▶ The Sorting Hat,"Harry Potter
And  
the Chamber of Secrets",Runtime (mins),Harry Potter and the Chamber of Secrets,171,-10,161,161,0.8,2.75
In,▶ Blaise Zabini,"Harry Potter
And  
the Half-Blood Prince",Runtime (mins),Harry Potter and the Half-Blood Prince,163,-10,153,153,1.0,2.5
In,▶ Blaise Zabini,"Harry Potter
And  
the Deathly Hallows: Part 2",Runtime (mins),Harry Potter and the Deathly Hallows: Part 2,140,-10,130,130,1.5,2.5
In,▶ Fang,"Harry Potter
And  
the Sorcerer's Stone",Runtime (mins),Harry Potter and the Sorcerer's Stone,162,-10,152,152,1.0,2.5
In,▶ Fang,"Harry Potter
And  
the Chamber of Secrets",Runtime (mins),Harry Potter and the Chamber of Secrets,171,-10,161,161,1.5,2.5
In,▶ Fawkes,"Harry Potter
And  
the Chamber of Secrets",Runtime (mins),Harry Potter and the Chamber of Secrets,171,-10,161,161,2.5,2.5
In,▶ Rufus Scrimgeour,"Harry Potter
And  
the Deathly Hallows: Part 1",Runtime (mins),Harry Potter and the Deathly Hallows: Part 1,156,-10,146,146,2.5,2.5
In,▶ Helena Ravenclaw,"Harry Potter
And  
the Deathly Hallows: Part 2",Runtime (mins),Harry Potter and the Deathly Hallows: Part 2,140,-10,130,130,2.3,2.25
In,▶ Kreacher,"Harry Potter
And  
the Deathly Hallows: Part 1",Runtime (mins),Harry Potter and the Deathly Hallows: Part 1,156,-10,146,146,2.3,2.25
In,▶ Stan Shunpike,"Harry Potter
And  
the Prisoner of Azkaban",Runtime (mins),Harry Potter and the Prisoner of Azkaban,152,-10,142,142,2.0,2
In,▶ Yaxley,"Harry Potter
And  
the Deathly Hallows: Part 1",Runtime (mins),Harry Potter and the Deathly Hallows: Part 1,156,-10,146,146,2.0,2
In,▶ Albus Severus Potter,"Harry Potter
And  
the Deathly Hallows: Part 2",Runtime (mins),Harry Potter and the Deathly Hallows: Part 2,140,-10,130,130,1.8,1.75
In,▶ Dolores Umbridge,"Harry Potter
And  
the Deathly Hallows: Part 1",Runtime (mins),Harry Potter and the Deathly Hallows: Part 1,156,-10,146,146,1.8,1.75
In,▶ Grawp,"Harry Potter
And  
the Order of the Phoenix",Runtime (mins),Harry Potter and the Order of the Phoenix,148,-10,138,138,1.8,1.75
In,▶ Madame Hooch,"Harry Potter
And  
the Sorcerer's Stone",Runtime (mins),Harry Potter and the Sorcerer's Stone,162,-10,152,152,1.8,1.75
In,▶ Mary Cattermole,"Harry Potter
And  
the Deathly Hallows: Part 1",Runtime (mins),Harry Potter and the Deathly Hallows: Part 1,156,-10,146,146,1.8,1.75
In,▶ Amos Diggory,"Harry Potter
And  
the Goblet of Fire",Runtime (mins),Harry Potter and the Goblet of Fire,167,-10,157,157,1.5,1.5
In,▶ Arabella Figg,"Harry Potter
And  
the Order of the Phoenix",Runtime (mins),Harry Potter and the Order of the Phoenix,148,-10,138,138,1.5,1.5
In,▶ Bathilda Bagshot,"Harry Potter
And  
the Deathly Hallows: Part 1",Runtime (mins),Harry Potter and the Deathly Hallows: Part 1,156,-10,146,146,1.5,1.5
In,▶ Cormac McLaggen,"Harry Potter
And  
the Half-Blood Prince",Runtime (mins),Harry Potter and the Half-Blood Prince,163,-10,153,153,1.5,1.5
In,▶ Firenze,"Harry Potter
And  
the Sorcerer's Stone",Runtime (mins),Harry Potter and the Sorcerer's Stone,162,-10,152,152,1.5,1.5
In,▶ Frank Bryce,"Harry Potter
And  
the Goblet of Fire",Runtime (mins),Harry Potter and the Goblet of Fire,167,-10,157,157,1.5,1.5
In,▶ Gabrielle Delacour,"Harry Potter
And  
the Goblet of Fire",Runtime (mins),Harry Potter and the Goblet of Fire,167,-10,157,157,1.5,1.5
In,▶ Katie Bell,"Harry Potter
And  
the Chamber of Secrets",Runtime (mins),Harry Potter and the Chamber of Secrets,171,-10,161,161,0.5,1.5
In,▶ Katie Bell,"Harry Potter
And  
the Half-Blood Prince",Runtime (mins),Harry Potter and the Half-Blood Prince,163,-10,153,153,1.0,1.5
In,▶ Professor Pomona Sprout,"Harry Potter
And  
the Chamber of Secrets",Runtime (mins),Harry Potter and the Chamber of Secrets,171,-10,161,161,1.5,1.5
In,▶ Bill Weasley,"Harry Potter
And  
the Deathly Hallows: Part 1",Runtime (mins),Harry Potter and the Deathly Hallows: Part 1,156,-10,146,146,1.3,1.25
In,▶ Colin Creevy,"Harry Potter
And  
the Chamber of Secrets",Runtime (mins),Harry Potter and the Chamber of Secrets,171,-10,161,161,1.3,1.25
In,▶ Fenrir Greyback,"Harry Potter
And  
the Half-Blood Prince",Runtime (mins),Harry Potter and the Half-Blood Prince,163,-10,153,153,1.3,1.25
In,▶ Madame Poppy Pomfrey,"Harry Potter
And  
the Chamber of Secrets",Runtime (mins),Harry Potter and the Chamber of Secrets,171,-10,161,161,1.3,1.25
In,▶ Nigel,"Harry Potter
And  
the Order of the Phoenix",Runtime (mins),Harry Potter and the Order of the Phoenix,148,-10,138,138,1.3,1.25
In,▶ Alecto Carrow,"Harry Potter
And  
the Deathly Hallows: Part 2",Runtime (mins),Harry Potter and the Deathly Hallows: Part 2,140,-10,130,130,1.0,1
In,▶ Amycus Carrow,"Harry Potter
And  
the Deathly Hallows: Part 2",Runtime (mins),Harry Potter and the Deathly Hallows: Part 2,140,-10,130,130,1.0,1
In,▶ Aragog,"Harry Potter
And  
the Chamber of Secrets",Runtime (mins),Harry Potter and the Chamber of Secrets,171,-10,161,161,1.0,1
In,▶ Elphias Doge,"Harry Potter
And  
the Deathly Hallows: Part 1",Runtime (mins),Harry Potter and the Deathly Hallows: Part 1,156,-10,146,146,1.0,1
In,▶ Ernie Prang,"Harry Potter
And  
the Prisoner of Azkaban",Runtime (mins),Harry Potter and the Prisoner of Azkaban,152,-10,142,142,1.0,1
In,▶ James Potter,"Harry Potter
And  
the Sorcerer's Stone",Runtime (mins),Harry Potter and the Sorcerer's Stone,162,-10,152,152,1.0,1
In,▶ Madame Rosmerta,"Harry Potter
And  
the Prisoner of Azkaban",Runtime (mins),Harry Potter and the Prisoner of Azkaban,152,-10,142,142,1.0,1
In,▶ Marcus Flint,"Harry Potter
And  
the Chamber of Secrets",Runtime (mins),Harry Potter and the Chamber of Secrets,171,-10,161,161,1.0,1
In,▶ Romilda Vane,"Harry Potter
And  
the Half-Blood Prince",Runtime (mins),Harry Potter and the Half-Blood Prince,163,-10,153,153,1.0,1
In,▶ Justin Finch-Fletchley,"Harry Potter
And  
the Chamber of Secrets",Runtime (mins),Harry Potter and the Chamber of Secrets,171,-10,161,161,0.8,0.75
In,"▶ Sir Nicholas ""Nearly-Headless Nick""","Harry Potter
And  
the Chamber of Secrets",Runtime (mins),Harry Potter and the Chamber of Secrets,171,-10,161,161,0.8,0.75
In,▶ Alicia Spinnet,"Harry Potter
And  
the Chamber of Secrets",Runtime (mins),Harry Potter and the Chamber of Secrets,171,-10,161,161,0.5,0.5
In,▶ Angelina Johnson,"Harry Potter
And  
the Chamber of Secrets",Runtime (mins),Harry Potter and the Chamber of Secrets,171,-10,161,161,0.5,0.5
In,▶ Scabbers / Peter Pettigrew,"Harry Potter
And  
the Chamber of Secrets",Runtime (mins),Harry Potter and the Chamber of Secrets,171,-10,161,161,0.5,0.5
In,▶ Lee Jordan,"Harry Potter
And  
the Chamber of Secrets",Runtime (mins),Harry Potter and the Chamber of Secrets,171,-10,161,161,0.3,0.25
